id,osm_id,name,number,street,postal_code,city,country,country_code,status,lat,lon,website,phone,fax,year,stats,tags,description
6702101,79550929,Musée de la Folie Marco,,Rue du Docteur Sultzer,67140,Barr,France,fr,open,48.410266199999995,7.4511442216483434,,,,2008,payant:2187;gratuit:2339;label-date:01/02/2003,label:musee de france,
6733901,3451539391,Musée de la Poterie,1-13,Rue du Terrain,67116,Reichstett,France,fr,open,48.6480723,7.7520884,,,,2008,payant:2828;gratuit:538;label-date:01/02/2003,label:musee de france,
6718002,606195509,Musée Alsacien,,Place Joseph Thierry,67500,Haguenau,France,fr,open,48.8147979,7.7893977,,,,2008,payant:1418;gratuit:1329;label-date:01/02/2003,label:musee de france,
6718001,48609011,Musée Historique,,Rue du Sel,67500,Haguenau,France,fr,open,48.81306145,7.791507522753506,,,,2008,payant:1853;gratuit:3305;label-date:01/02/2003,label:musee de france,
6732401,,Maison de l'Archéologie des Vosges du Nord,,,,NIEDERBRONN-LES-BAINS,France,fr,open,,,,,,2008,payant:1962;gratuit:723;label-date:01/02/2003,label:musee de france,
6743701,1801327289,Musée du Château des Rohan,,Place du Général de Gaulle,67700,Saverne,France,fr,open,48.7418466,7.3639083,,,,2008,payant:8431;gratuit:5370;label-date:01/02/2003,label:musee de france,
6748202,239825772,Musée Archéologique,,Rue du Bain-aux-Roses,67065,Strasbourg,France,fr,open,48.5808521,7.7525857,,,,2008,payant:7720;gratuit:34574;label-date:06/01/2002,label:musee de france,
6748213,486650189,Musée Tomi Ungerer,,Rue Joseph Massol,67073,Strasbourg,France,fr,open,48.58570885,7.755036989998281,,,,2008,payant:25921;gratuit:34592;label-date:18/04/2008,label:musee de france,
6803601,685084692,Musée Gallo-Romain,,Rue des Capucins,68600,Biesheim,France,fr,open,48.039525,7.5455969,,,,2008,payant:866;gratuit:1950;label-date:01/02/2003,label:musee de france,
6806603,47576073,Musée Bartholdi,30,Rue des Marchands,68000,Colmar,France,fr,open,48.0766092,7.357482163734775,,,,2008,payant:7062;gratuit:4246;label-date:01/02/2003,label:musee de france,
6814901,,Musée Historique et Militaire de Huningue,,,,HUNINGE,France,fr,open,,,,,,2008,payant:375;gratuit:493;label-date:01/02/2003,label:musee de france,
6816401,55263399,Musée du Vignoble et des Vins d'Alsace,1b,Grand'Rue,68240,Colmar-Ribeauvillé,France,fr,open,48.13509195,7.2883942443186704,,,,2008,payant:4703;gratuit:0;label-date:01/02/2003,label:musee de france,
6822401,343385574,Musée des Beaux-Arts,,Rue Guillaume Tell,68100,Mulhouse,France,fr,open,47.7457898,7.3384212,,,,2008,payant:0;gratuit:15615;label-date:01/02/2003,label:musee de france,
6822403,449007880,Musée National de l'Automobile - Collection Schlumpf,,Autodrome du Musée de l'Automobile,68100,Mulhouse,France,fr,open,47.7612848,7.327971551196445,,,,2008,payant:142277;gratuit:31912;label-date:01/02/2003,label:musee de france,
2403701,369318223,Musée du Tabac,,Place du Feu,24100,Bergerac,France,fr,open,44.84971,0.4837602,,,,2008,payant:2774;gratuit:1590;label-date:01/02/2003,label:musee de france,
2431101,,Musée Départemental de la Poupée et du Jouet,,,,NONTRON,France,fr,closed,,,,,,2008,payant:0;gratuit:0;label-date:01/02/2003,label:musee de france,
2452002,,Musée de Sarlat et du Périgord Noir,,,,SARLAT-LA-CANEDA,France,fr,closed,,,,,,2008,payant:0;gratuit:0;label-date:01/02/2003,label:musee de france,
3305701,,Musée Municipal de Blasimon,,,,BLASIMON,France,fr,closed,,,,,,2008,payant:0;gratuit:0;label-date:01/02/2003,label:musee de france,
3306304,80024893,Musée d'Aquitaine,,Musée d'Aquitaine,33000,Bordeaux,France,fr,open,44.8356189,-0.5746906101232725,,,,2008,payant:8975;gratuit:102249;label-date:06/01/2002,label:musee de france,
3306305,154772662,Muséum d'Histoire Naturelle de Bordeaux,,Place Bardineau,33000,Bordeaux,France,fr,open,44.848504500000004,-0.5799899525187916,,,,2008,payant:2486;gratuit:37250;label-date:01/02/2003,label:musee de france,
3306310,6912095875,Musée Goupil,,Cours Pasteur,33000,Bordeaux,France,fr,closed,44.8358149,-0.5749304,,,,2008,payant:0;gratuit:0;label-date:01/02/2003,label:musee de france,
3306306,79979299,Musée des Arts Décoratifs,,Rue Dufau,33000,Bordeaux,France,fr,open,44.837340600000005,-0.5806817120198913,,,,2008,payant:7544;gratuit:28897;label-date:01/02/2003,label:musee de france,
3306303,79979299,Musée des Beaux-Arts,,Rue Dufau,33000,Bordeaux,France,fr,open,44.837340600000005,-0.5806817120198913,,,,2008,payant:49945;gratuit:72235;label-date:06/01/2002,label:musee de france,
3335201,3594400954,Musée Municipal,,D 126,33190,Les Esseintes,France,fr,closed,44.6073617,-0.0742559,,,,2008,payant:0;gratuit:0;label-date:01/02/2003,label:musee de france,
4019401,102618114,Musée de la Chalosse,480,Chemin du Sala,40380,Montfort-en-Chalosse,France,fr,open,43.71570595,-0.8337172286260439,,,,2008,payant:8921;gratuit:2903;label-date:01/02/2003,label:musee de france,
4700101,,Musée des Beaux-Arts,,,,AGEN,France,fr,open,,,,,,2008,payant:7236;gratuit:11538;label-date:01/02/2003,label:musee de france,
4732301,,Musée Municipal (Moulin de Gajac),,,,VILLENEUVE-SUR-LOT,France,fr,open,,,,,,2008,payant:4589;gratuit:5755;label-date:01/02/2003,label:musee de france,
0304801,,Musée Charles-Louis Philippe,,,,CERILLY,France,fr,open,,,,,,2008,payant:363;gratuit:17;label-date:01/02/2003,label:musee de france,
0318501,2511432939,Musée des Musiques Populaires - MuPop,,Rue Notre-Dame,03100,Montluçon,France,fr,open,46.3408843,2.6055312,,,,2008,payant:1124;gratuit:6054;label-date:01/02/2003,label:musee de france,
0319001,77184178,Musée Anne de Beaujeu,,Rue des Fausses Braies,03000,Moulins,France,fr,open,46.56717035,3.3300616836759867,,,,2008,payant:2807;gratuit:4899;label-date:01/02/2003,label:musee de france,
0319501,,Musée Rieckotter,,,,NERIS-LES-BAINS,France,fr,open,,,,,,2008,payant:546;gratuit:730;label-date:01/02/2003,label:musee de france,
0327501,38196164,Musée Municipal de Souvigny,,Rue de Vouzon,41600,Chaon,France,fr,open,47.609893150000005,2.165856899999999,,,,2008,payant:5862;gratuit:2103;label-date:01/02/2003,label:musee de france,
1501402,6580283562,Musée d'Art et d'Archéologie,,Rue des Carmes,15000,Aurillac,France,fr,open,44.9253069,2.4420708,,,,2008,payant:1227;gratuit:15127;label-date:01/02/2003,label:musee de france,
4311701,,Musée des Arts et Traditions Populaires de Haute Loire,,,,LAVAUDIEU,France,fr,open,,,,,,2008,payant:9954;gratuit:1218;label-date:01/02/2003,label:musee de france,
4316201,,Musée des Manufactures de Dentelles,,,,RETOURNAC,France,fr,open,,,,,,2008,payant:5201;gratuit:2398;label-date:22/04/2002,label:musee de france,
6319501,700609620,Musée Départemental de la Céramique Gallo-Romaine,,Rue du Musée,63190,Lezoux,France,fr,open,45.82572555,3.3847440065878374,,,,2008,payant:12110;gratuit:7062;label-date:01/02/2003,label:musee de france,
6322301,7638286185,Musée Paléontologique,,D 508,63560,Neuf-Église,France,fr,open,46.1202255,2.8584098,,,,2008,payant:765;gratuit:95;label-date:01/02/2003,label:musee de france,
6324501,6579420423,Musée Lapidaire,,Rue de l'Abbaye,63200,Mozac,France,fr,open,45.8903834,3.0944753,,,,2008,payant:295;gratuit:678;label-date:01/02/2003,label:musee de france,
6343001,161471210,Musée Municipal de la Coutellerie,,Rue de la Coutellerie,63300,Thiers,France,fr,open,45.852432,3.54815385,,,,2008,payant:22200;gratuit:6361;label-date:01/02/2003,label:musee de france,
2103801,7419064530,Musée Bonaparte,,Place du Château,21130,Auxonne,France,fr,open,47.1915827,5.3833549,,,,2008,payant:0;gratuit:2091;label-date:01/02/2003,label:musee de france,
2123106,23363257,"Musée de la Vie Bourguignonne, Perrin de Puycousin",,Rue du Chaignot,21000,Dijon,France,fr,open,47.31745415,5.0380257629051215,,,,2008,payant:0;gratuit:37105;label-date:01/02/2003,label:musee de france,
2126501,480527098,Musée Noisot,,Rue de la Perrière,21220,Fixin,France,fr,open,47.245420300000006,4.9624034254665155,,,,2008,payant:328;gratuit:275;label-date:01/02/2003,label:musee de france,
2142502,,Musée des Beaux-Arts,,,,MONTBARD,France,fr,open,,,,,,2008,payant:0;gratuit:0;label-date:01/02/2003,label:musee de france,
2160301,1785218940,Musée Municipal,,Impasse de l'Ancienne Comédie,21140,Semur-en-Auxois,France,fr,open,47.4902772,4.3344776,,,,2008,payant:76;gratuit:4924;label-date:01/02/2003,label:musee de france,
5806202,3618004518,Musée du Costume,,Place du Château,58120,Château-Chinon (Ville),France,fr,open,47.0672537,3.9351818,,,,2008,payant:5650;gratuit:1051;label-date:01/02/2003,label:musee de france,
7110601,7419064524,Musée René Davoine,32,Rue René Davoine,71120,Charolles,France,fr,closed,46.4312242,4.2732669,,,,2008,payant:0;gratuit:0;label-date:01/02/2003,label:musee de france,
7134202,2430526351,Musée Municipal,,Avenue de la Gare,71600,Paray-le-Monial,France,fr,closed,46.4480468,4.112514,,,,2008,payant:0;gratuit:0;label-date:01/02/2003,label:musee de france,
7135101,3617522815,Ecomusée de la Bresse Bourguignonne,,Rue du Château,71270,Pierre-de-Bresse,France,fr,open,46.8828547,5.2614005,,,,2008,payant:23845;gratuit:9629;label-date:01/02/2003,label:musee de france,
7137301,7419064525,Musée du Terroir,,Rue des Quartiers,71470,Romenay,France,fr,open,46.503251,5.067591,,,,2008,payant:0;gratuit:803;label-date:01/02/2003,label:musee de france,
8902402,62636018,Musée d'Art et d'Histoire,,Rue Cochois,89000,Auxerre,France,fr,open,47.8005184,3.5725156901166075,,,,2008,payant:9134;gratuit:20741;label-date:01/02/2003,label:musee de france,
8934401,2909216095,Musée de l'Aventure du Son,,Place de l'Hôtel de Ville,89170,Saint-Fargeau,France,fr,open,47.6414558,3.0709553,,,,2008,payant:3855;gratuit:277;label-date:18/04/2008,label:musee de france,
8941801,70591575,Musée Municipal de Tonnerre,,Rue du Prieuré,89700,Tonnerre,France,fr,closed,47.856170750000004,3.9753439945533167,,,,2008,payant:0;gratuit:0;label-date:01/02/2003,label:musee de france,
8944601,2628533133,Musée Zervos - Maison Romain Rolland,,,89450,Vézelay,France,fr,open,47.4638215,3.743302,,,,2008,payant:10159;gratuit:2841;label-date:01/02/2003,label:musee de france,
2205001,95903744,Musée du Château de Dinan,,Promenade des Petits Fossés,22100,Dinan,France,fr,open,48.450287599999996,-2.0449255728476867,,,,2008,payant:13158;gratuit:8237;label-date:01/02/2003,label:musee de france,
2227801,78123314,Musée d'Art et d'Histoire,,Cour Francis Renaud,22000,Saint-Brieuc,France,fr,open,48.51234775,-2.7619036982498804,,,,2008,payant:0;gratuit:35859;label-date:01/02/2003,label:musee de france,
2904601,40686013,Le Port-Musée,,Place de l'Enfer,29100,Ploaré,France,fr,open,48.092424,-4.332596723404256,,,,2008,payant:31132;gratuit:13364;label-date:01/02/2003,label:musee de france,
2928901,1458523215,Musée de l'Ecole Rurale en Bretagne,,Route Départementale Numéro 60 de Landévennec à Dinéault,29560,Trégarvan,France,fr,open,48.2448847,-4.2263366,,,,2008,payant:8055;gratuit:1242;label-date:01/02/2003,label:musee de france,
3523801,7422696,Musée de Bretagne,,Boulevard Magenta,35000|35700|35200,Rennes,France,fr,open,48.105132049999995,-1.6741388704016005,,,,2008,payant:48779;gratuit:50774;label-date:01/02/2003,label:musee de france,
3528802,,Musée d'Histoire de la Ville de Saint-Malo,,,,SAINT-MALO,France,fr,open,,,,,,2008,payant:19657;gratuit:7698;label-date:01/02/2003,label:musee de france,
3528801,3275333600,Musée International du Long-Cours Cap-Hornier,,Cale Solidor,35400,Saint-Malo,France,fr,open,48.6340431,-2.0260137,,,,2008,payant:7250;gratuit:3462;label-date:01/02/2003,label:musee de france,
3536003,3203173830,Musée des Rochers-Sévigné,,Promenade du Val,35500,Vitré,France,fr,open,48.1254552,-1.2110814,,,,2008,payant:4943;gratuit:2257;label-date:01/02/2003,label:musee de france,
5624001,528996147,Musée du Château de Suscinio,,Route du Duc Jean V,56370,Sarzeau,France,fr,open,47.5129311,-2.7294371823705177,,,,2008,payant:75300;gratuit:16303;label-date:01/02/2003,label:musee de france,
1803302,64598357,Musée des Arts Décoratifs,,Rue de l'Hôtel Lallemant,18000,Bourges,France,fr,open,47.0850865,2.3983016387544134,,,,2008,payant:0;gratuit:14480;label-date:01/02/2003,label:musee de france,
1819701,2126258013,Musée Saint-Vic,,Cours Manuel,18200,Saint-Amand-Montrond,France,fr,open,46.7214136,2.507645,,,,2008,payant:564;gratuit:1390;label-date:01/02/2003,label:musee de france,
2805101,290571187,Musée Bonnevallais,,D 144,19120,La Chapelle-aux-Saints,France,fr,closed,44.98183915,1.7134623841845142,,,,2008,payant:0;gratuit:0;label-date:01/02/2003,label:musee de france,
2808801,,Musée des Beaux-Arts et d'Histoire Naturelle,,,,CHATEAUDUN,France,fr,closed,,,,,,2008,payant:0;gratuit:0;label-date:01/02/2003,label:musee de france,
3620001,275239079,Musée Archéologique d'Argentomagus,,Impasse du Clos des Mersans,36200,Saint-Marcel,France,fr,open,46.600498,1.5163171900000003,,,,2008,payant:9300;gratuit:7940;label-date:01/02/2003,label:musee de france,
3700302,62782286,Musée de la poste,2,Rue du Clos Lucé,37400,Amboise,France,fr,closed,47.41032365,0.9921089543099333,,,,2008,payant:0;gratuit:0;label-date:01/02/2003,label:musee de france,
3700301,1517051946,Musée de l'Hôtel des Communes,,Rue François 1er,37400,Amboise,France,fr,open,47.4131973,0.9839918,,,,2008,payant:0;gratuit:4318;label-date:01/02/2003,label:musee de france,
3724101,,Musée du Savignéen,,,,SAVIGNE-SUR-LATHAN,France,fr,open,,,,,,2008,payant:1593;gratuit:215;label-date:01/02/2003,label:musee de france,
3724201,207799176,Ecomusée du Véron,80,Route de Candes,37420,Savigny-en-Véron,France,fr,open,47.20943595,0.1244346983061503,,,,2008,payant:9210;gratuit:0;label-date:18/07/2002,label:musee de france,
3726101,38576800,Muséum d'Histoire Naturelle,3,Rue du Président Merville,37000,Tours,France,fr,open,47.39461145,0.6836901302839116,,,,2008,payant:9641;gratuit:14650;label-date:01/02/2003,label:musee de france,
3726105,40514601,Musée du Compagnonnage,2,Place Anatole France,37000,Tours,France,fr,open,47.39641815,0.6869935971502714,,,,2008,payant:34295;gratuit:13369;label-date:01/02/2003,label:musee de france,
4508201,91175188,Musée de la Marine de Loire,,Allée de Lamballe,45110,Châteauneuf-sur-Loire,France,fr,open,47.864703,2.2173067297297298,,,,2008,payant:9600;gratuit:4057;label-date:01/02/2003,label:musee de france,
4520802,95074878,Musée Girodet,2,Rue du Faubourg de la Chaussée,45200,Montargis,France,fr,open,47.997254999999996,2.7365194242424016,,,,2008,payant:2109;gratuit:3811;label-date:27/12/2002,label:musee de france,
0805301,1874188907,Musée de la Maison de la Dernière Cartouche,,Avenue de la Dernière Cartouche,08140,Bazeilles,France,fr,open,49.6817859,4.9754729,,,,2008,payant:1504;gratuit:1388;label-date:01/02/2003,label:musee de france,
0810501,91146071,Musée Arthur Rimbaud,,Passerelle du Mont Olympe,08000,Charleville-Mézières,France,fr,open,49.775734650000004,4.7220587026654695,,,,2008,payant:10022;gratuit:8557;label-date:01/02/2003,label:musee de france,
0840901,1874188907,Musée du Château-Fort,,Avenue de la Dernière Cartouche,08140,Bazeilles,France,fr,open,49.6817859,4.9754729,,,,2008,payant:60711;gratuit:0;label-date:01/02/2003,label:musee de france,
1038702,73124719,Musée Vauluisant - Musée Historique de Troyes et de la Champagne,,Rue de la Crosse,10000,Troyes,France,fr,open,48.29995,4.082291342005172,,,,2008,payant:0;gratuit:0;label-date:01/02/2003,label:musee de france,
1038703,73124719,Musée Vauluisant - Musée de la Bonneterie,,Rue de la Crosse,10000,Troyes,France,fr,open,48.29995,4.082291342005172,,,,2008,payant:3607;gratuit:6717;label-date:01/02/2003,label:musee de france,
5206001,,Musée Municipal,,,,BOURBONNE-LES-BAINS,France,fr,open,,,,,,2008,payant:0;gratuit:2409;label-date:01/02/2003,label:musee de france,
5244801,65662699,Musée Municipal,,Allée Jean-François Lescuyer,52100,Saint-Dizier,France,fr,open,48.63793305,4.948117698073352,,,,2008,payant:0;gratuit:5255;label-date:01/02/2003,label:musee de france,
5145404,1347407,Musée Saint-Rémi,,Rue Simon,51100,Reims,France,fr,open,49.243337,4.040392199495639,,,,2008,payant:5551;gratuit:46112;label-date:01/02/2003,label:musee de france,
2A00403,66274796,Musée Palais Fesch,50-52,Rue Cardinal Fesch,20000,Ajaccio,France,fr,open,41.9218958,8.738913555286306,,,,2008,payant:402;gratuit:1044;label-date:01/02/2003,label:musee de france,
2B03301,590087366,Musée d'Histoire de Bastia,,,20290,Lucciana,France,fr,closed,42.54204815,9.496920951519154,,,,2008,payant:0;gratuit:0;label-date:01/02/2003,label:musee de france,
2543401,87617807,Musée-Maison Natale Gustave Courbet,1,Rue de la Froidière,25290,Ornans,France,fr,open,47.1050435,6.147763179625452,,,,2008,payant:1548;gratuit:2338;label-date:01/02/2003,label:musee de france,
7024501,192995465,Ecomusée du Pays de la Cerise,,Le Petit Fahys,70220,Lure,France,fr,open,47.90680895,6.4023357809508346,,,,2008,payant:3404;gratuit:2548;label-date:01/02/2003,label:musee de france,
3943401,7554007745,Musée Municipal de Poligny,49,Grande Rue,39800,Poligny,France,fr,closed,46.8364264,5.708932,,,,2008,payant:0;gratuit:0;label-date:01/02/2003,label:musee de france,
3950002,151950172,Musée Max Claudet,,Place des Salines,39110,Salins-les-Bains,France,fr,closed,46.9376405,5.8761571935790275,,,,2008,payant:0;gratuit:0;label-date:01/02/2003,label:musee de france,
9004101,2647243377,Forge-Musée,,Rue de Rougemont,90170,Étueffont,France,fr,open,47.7224462,6.920875,,,,2008,payant:1023;gratuit:494;label-date:01/02/2003,label:musee de france,
9710501,273063255,Musée de l'Histoire de la Guadeloupe,,Route du Fort Napoléon,97137,Terre-de-Haut,France,fr,open,15.87526455,-61.582165503892284,,,,2008,payant:0;gratuit:0;label-date:01/02/2003,unlabel:musee de france,
9712001,65841412,Musée Municipal Saint-John Perse,,Rue Nozières,97110,Pointe-à-Pitre,France,fr,open,16.2364273,-61.53584126806761,,,,2008,payant:3515;gratuit:202;label-date:12/12/2002,label:musee de france,
9730101,2567248094,Ecomusée Municipal d'Approuague-Kaw,,Rue Gaston Monnerville,97390,Régina,France,fr,open,4.3151512,-52.1285455,,,,2008,payant:559;gratuit:2489;label-date:01/02/2003,label:musee de france,
9201201,,Musée des Années Trente,,,,BOULOGNE-BILLANCOURT,France,fr,open,,,,,,2008,payant:12605;gratuit:15737;label-date:01/02/2003,label:musee de france,
9204802,,Musée - Atelier Rodin (Annexe du musée de Paris),,,,MEUDON,France,fr,open,,,,,,2008,payant:3256;gratuit:4077;label-date:06/01/2002,label:musee de france,
7510405,254033221,Maison de Victor Hugo,6,Place des Vosges,75004,Paris,France,fr,open,48.8548144,2.3661103,,,,2008,payant:13599;gratuit:120690;label-date:08/07/2004,label:musee de france,
7511618,4828705432,Musée National de la Marine,,Villa Marie Vassilieff,75015,Paris,France,fr,open,48.8434128,2.320792,,,,2008,payant:174541;gratuit:68742;label-date:06/01/2002,label:musee de france,
7511503,1913411919,Mémorial du Maréchal Leclerc de Hauteclocque et de la Libération de Paris-musée Jean Moulin,23,Allée de la 2e Division Blindée,75015,Paris,France,fr,open,48.8404563,2.3198526,,,,2008,payant:0;gratuit:16926;label-date:08/07/2004,label:musee de france,
7510705,64314872,Etablissement public du musée d'Orsay,,Rue Jean Ferrandi,75006,Paris,France,fr,open,48.8473306,2.322685935644764,,,,2008,payant:1897635;gratuit:1127529;label-date:06/01/2002,label:musee de france,
7510306,,"Musée Cognacq-Jay, Musée du XVIIIe siècle de la ville de Paris",,,,PARIS,France,fr,open,,,,,,2008,payant:9034;gratuit:32269;label-date:08/07/2004,label:musee de france,
7510305,57745741,Musée National Picasso,5,Rue de Thorigny,75003,Paris,France,fr,open,48.8598698,2.3621151762679444,,,,2008,payant:229337;gratuit:113413;label-date:06/01/2002,label:musee de france,
7510107,,Musée de la Mode et du Textile (Union Centrale des Arts Décoratifs),,,,PARIS,France,fr,open,,,,,,2008,payant:0;gratuit:0;label-date:06/01/2002,label:musee de france,
7510609,5918699678,Musée des Monnaies et des Médailles,,Rue Joliot-Curie,91190,Le Moulon,France,fr,open,48.7094092,2.1666145,,,,2008,payant:10313;gratuit:11000;label-date:06/01/2002,label:musee de france,
7510709,151074455,Musée du Quai Branly,,Rue de la Fédération,75015,Paris,France,fr,open,48.85473705,2.289777754814347,,,,2008,payant:767130;gratuit:622360;label-date:09/12/2004,label:musee de france,
7511401,79805060,Musée Lénine,7 bis,Villa Seurat,75014,Paris,France,fr,closed,48.8260778,2.3326996885892632,,,,2008,payant:0;gratuit:0;label-date:01/02/2003,label:musee de france,
7702201,113288014,Musée Départemental de l'Ecole de Barbizon - Auberge Ganne,92,Grande Rue,77630,Barbizon,France,fr,open,48.4461862,2.602608897820088,,,,2008,payant:13561;gratuit:7839;label-date:01/02/2003,label:musee de france,
7710802,,"Musée des Transports Urbains, Interurbains et Ruraux (anciennement à Colombes)",,,,CHELLES,France,fr,closed,,,,,,2008,payant:0;gratuit:0;label-date:01/02/2003,label:musee de france,
7713201,373767052,Maison Natale de Louis Braille,,Rue Louis Braille,77700,Coupvray,France,fr,open,48.894502700000004,2.792033637344032,,,,2008,payant:2691;gratuit:762;label-date:01/02/2003,label:musee de france,
9304601,145134117,Musée Municipal,,Rue du Docteur Roux,93190,Livry-Gargan,France,fr,open,48.934633649999995,2.5517116365355736,,,,2008,payant:0;gratuit:11000;label-date:01/02/2003,label:musee de france,
9401701,109523782,Musée de la Résistance Nationale,,Avenue Marx Dormoy,94500,Champigny-sur-Marne,France,fr,open,48.807266999999996,2.5252640000000017,,,,2008,payant:0;gratuit:0;label-date:01/02/2003,label:musee de france,
9403401,7676712,Ecomusée du Val de Bièvre,,,41120,Monthou-sur-Bièvre,France,fr,open,47.4364694,1.3750271,,,,2008,payant:0;gratuit:11659;label-date:01/02/2003,label:musee de france,
9406801,,Musée de Saint-Maur - Villa Médicis,,,,LA VARENNE-SAINT-HILAIRE,France,fr,open,,,,,,2008,payant:119;gratuit:10454;label-date:11/01/2003,label:musee de france,
7836101,1733134564,Musée de l'Hôtel-Dieu,1,Rue Thiers,78200,Mantes-la-Jolie,France,fr,open,48.9901391,1.7194536,,,,2008,payant:2597;gratuit:6153;label-date:01/02/2003,label:musee de france,
7838001,1280351055,Musée Victor Aubert,24,Rue Quincampoix,78580,Maule,France,fr,open,48.908778,1.84933,,,,2008,payant:0;gratuit:1532;label-date:01/02/2003,label:musee de france,
7849801,,Musée du Jouet Pierre Pinel,,,,POISSY,France,fr,open,,,,,,2008,payant:12345;gratuit:7229;label-date:01/02/2003,label:musee de france,
7851702,130921984,Musée Rambolitrain,,Avenue du Maréchal Foch,78120,Rambouillet,France,fr,open,48.6460441,1.8241725980003551,,,,2008,payant:14515;gratuit:1634;label-date:01/02/2003,label:musee de france,
7864602,,Etablissement Public du Musée et du Domaine National de Versailles,,,,VERSAILLES,France,fr,open,,,,,,2008,payant:4642974;gratuit:963153;label-date:06/01/2002,label:musee de france,
1107601,321732839,Musée Archéologique du Lauragais,,Rampe du Présidial,11400,Castelnaudary,France,fr,open,43.3155934,1.9588475,,,,2008,payant:676;gratuit:740;label-date:01/02/2003,label:musee de france,
1136901,758324962,Musée Archéologique,,Chemin de Halage,11590,Sallèles-d'Aude,France,fr,open,43.273517,2.9369963132911447,,,,2008,payant:8527;gratuit:114;label-date:01/02/2003,label:musee de france,
1137901,,Musée des Corbières,,,,SIGEAN,France,fr,open,,,,,,2008,payant:0;gratuit:0;label-date:01/02/2003,label:musee de france,
3018903,1754343,Musée Archéologique,,Rue de la Grille,30300,Beaucaire,France,fr,open,43.807104499999994,4.645857409267913,,,,2008,payant:0;gratuit:79206;label-date:01/02/2003,label:musee de france,
3020201,,Musée Paul Raymond,,,,PONT-SAINT-ESPRIT,France,fr,open,,,,,,2008,payant:0;gratuit:2154;label-date:01/02/2003,label:musee de france,
3035101,908930249,Musée Pierre de Luxembourg,,Rue de la République,30400,Villeneuve-lès-Avignon,France,fr,open,43.9637314,4.7968264,,,,2008,payant:4228;gratuit:2553;label-date:01/02/2003,label:musee de france,
3411901,425241849,Musée de la Cloche et de la Sonnaille,,Avenue des Treize Vents,34600,Hérépian,France,fr,closed,43.59457755,3.112557793850808,,,,2008,payant:0;gratuit:0;label-date:01/02/2003,label:musee de france,
3415801,2622894330,Musée Archéologique,,Place du Monument,34210,Minerve,France,fr,open,43.3543868,2.7460475,,,,2008,payant:4107;gratuit:0;label-date:01/02/2003,label:musee de france,
3417203,1226892,Musée Fabre,,Cour de la Mosaïque,34062,Montpellier,France,fr,open,43.6117542,3.8801274326001858,,,,2008,payant:171618;gratuit:131553;label-date:06/01/2002,label:musee de france,
3430101,2244412926,Musée Paul Valéry,,Rue François Desnoyer,34200,Sète,France,fr,open,43.3953827,3.6906637,,,,2008,payant:5716;gratuit:9833;label-date:01/02/2003,label:musee de france,
4809501,,Musée Ignon Fabre,,,,MENDE,France,fr,closed,,,,,,2008,payant:0;gratuit:0;label-date:01/02/2003,label:musee de france,
6605301,,Musée d'Art Moderne - Fonds Peskè,,,,COLLIOURE,France,fr,open,,,,,,2008,payant:7396;gratuit:1673;label-date:01/02/2003,label:musee de france,
6613603,1227556,Musée Hyacinthe Rigaud,,Rue de l'Ange,66000,Perpignan,France,fr,open,42.6979518,2.8933879010617485,,,,2008,payant:3335;gratuit:6748;label-date:01/02/2003,label:musee de france,
1927202,7280134059,Musée de la Mémoire et des Industries Tullistes,1,Rue du 9 Juin 1944,19000,Tulle,France,fr,open,45.2602143,1.7513822,,,,2008,payant:0;gratuit:3432;label-date:18/04/2008,label:musee de france,
5432901,230083957,Musée du Château de Lunéville,,Avenue René Veillon,54480,Val-et-Châtillon,France,fr,closed,48.563396499999996,6.963896961753729,,,,2008,payant:0;gratuit:0;label-date:01/02/2003,label:musee de france,
5439502,64003170,Muséum- Aquarium de Nancy,,Rue Sainte-Catherine,54100,Nancy,France,fr,open,48.6947248,6.187939874919698,,,,2008,payant:25106;gratuit:47926;label-date:01/02/2003,label:musee de france,
5452801,1198779245,Musée d'Art et d'Histoire de Toul,25,Rue Gouvion Saint-Cyr,54200,Toul,France,fr,open,48.6784079,5.8911945,,,,2008,payant:2448;gratuit:3317;label-date:01/02/2003,label:musee de france,
5502901,1491444871,Musée Barrois,,,55000,Bar-le-Duc,France,fr,open,48.7717157,5.1560282,,,,2008,payant:2815;gratuit:6564;label-date:01/02/2003,label:musee de france,
5552701,608529050,Musée d'Argonne,,Ruelle du Promenade,55270,Varennes-en-Argonne,France,fr,open,49.22527795,5.031545268167998,,,,2008,payant:1927;gratuit:0;label-date:01/02/2003,label:musee de france,
5754001,,Musée Militaire et Erckmann-Chatrian,,,,PHALSBOURG,France,fr,open,,,,,,2008,payant:792;gratuit:129;label-date:01/02/2003,label:musee de france,
5763102,,Moulin de la Blies - Musée des Techniques Faïencières,,,,SARREGUEMINES,France,fr,open,,,,,,2008,payant:3930;gratuit:5569;label-date:01/02/2003,label:musee de france,
8838302,2582715284,Musée Charles Friry,12,Rue du Général Humbert,88200,Remiremont,France,fr,closed,48.0151071,6.5897788,,,,2008,payant:0;gratuit:0;label-date:11/08/2002,label:musee de france,
0916001,7228420483,Musée du Textile et du Peigne en Corne,65,Rue Jean Canal,09300,Lavelanet,France,fr,open,42.9296646,1.8454676,,,,2008,payant:2189;gratuit:0;label-date:01/02/2003,label:musee de france,
1208901,4163135490,Musée Régional de Géologie Pierre Vetter,,Rue Emma Calvé,12300,Saint-Michel,France,fr,open,44.5542939,2.2583993,,,,2008,payant:1601;gratuit:2888;label-date:01/02/2003,label:musee de france,
1209601,152864630,"Musée des Mœurs et Coutumes, Musée du Rouergue",,Place Pierre Frontin,12500,Espalion,France,fr,open,44.5211405,2.7606325085458474,,,,2008,payant:492;gratuit:51;label-date:01/02/2003,label:musee de france,
1220201,124625026,Musée Fenaille,14,Place Eugène Raynaldy,12000,Rodez,France,fr,open,44.3490972,2.5765922842984468,,,,2008,payant:9396;gratuit:14067;label-date:01/02/2003,label:musee de france,
1225401,1434993410,Musée des Arts et Métiers Traditionnels,,C 2,12330,Salles-la-Source,France,fr,open,44.437582,2.5141463,,,,2008,payant:8538;gratuit:1188;label-date:01/02/2003,label:musee de france,
3102801,420078229,Musée de Préhistoire,,Chemin des Roquettes,31420,Aurignac,France,fr,closed,43.21557205,0.8786885962141049,,,,2008,payant:0;gratuit:0;label-date:01/02/2003,label:musee de france,
3104201,,Musée du Pays de Luchon,,,,BAGNERES-DE-LUCHON,France,fr,open,,,,,,2008,payant:2291;gratuit:1158;label-date:01/02/2003,label:musee de france,
3155505,63801451,Musée Georges Labit,17,Rue du Japon,31400,Toulouse,France,fr,open,43.59109665,1.4584515191136354,,,,2008,payant:6161;gratuit:14909;label-date:01/02/2003,label:musee de france,
3155504,22718219,Musée des Augustins,,Rue Antonin Mercié,31000,Toulouse,France,fr,open,43.6009417,1.4463433320120154,,,,2008,payant:47043;gratuit:57100;label-date:06/01/2002,label:musee de france,
4618201,,"""Musée Archéologique """"Armand-Viré""""""",,,,LUZECH,France,fr,open,,,,,,2008,payant:765;gratuit:143;label-date:01/02/2003,label:musee de france,
8100401,34627060,Musée Toulouse Lautrec,,Place de L'Archevêché,81000,Albi,France,fr,open,43.9293134,2.1428612931044957,,,,2008,payant:104528;gratuit:28233;label-date:01/02/2003,label:musee de france,
8101201,3134866346,Musée Eugénie et Maurice Guérin,,Sentier Littéraire,81140,Andillac,France,fr,open,44.0098937,1.8996887,,,,2008,payant:2056;gratuit:2791;label-date:01/02/2003,label:musee de france,
8106501,1436215239,Musée Goya,1,Rue de l'Hôtel de Ville,81100,Castres,France,fr,open,43.6035253,2.2417743,,,,2008,payant:13229;gratuit:12042;label-date:06/01/2002,label:musee de france,
8109902,60929966,Muséum d'histoire naturelle Philadelphe Thomas,,Rue Philadelphe Thomas,81600,Gaillac,France,fr,open,43.8993239,1.8943379,,,,2008,payant:868;gratuit:4152;label-date:01/02/2003,label:musee de france,
8109903,1794967900,Musée de l'Abbaye Saint-Michel,,Petite Rue Saint-Michel,81600,Gaillac,France,fr,open,43.8969758,1.8960647,,,,2008,payant:2530;gratuit:727;label-date:01/02/2003,label:musee de france,
8114001,,Musée du Pays Vaurais,,,,LAVAUR,France,fr,open,,,,,,2008,payant:1350;gratuit:680;label-date:01/02/2003,label:musee de france,
8212102,127805191,Musée Ingres,,Rue Marie Lafon,82000,Montauban,France,fr,open,44.01688865,1.3514607739557976,,,,2008,payant:16896;gratuit:22754;label-date:06/01/2002,label:musee de france,
5906701,34518055,Musée du Mont-de-Piété,,Contour de l'Église,59380,Bergues,France,fr,open,50.969149200000004,2.430273758659693,,,,2008,payant:1422;gratuit:951;label-date:01/02/2003,label:musee de france,
5918303,76418840,Musée Portuaire,,Rue du Gouvernement,59140,Dunkerque,France,fr,open,51.03788695,2.371791835328942,,,,2008,payant:29636;gratuit:22473;label-date:01/02/2003,label:musee de france,
5939201,,Musée Henri Boez,,,,MAUBEUGE,France,fr,closed,,,,,,2008,payant:0;gratuit:0;label-date:01/02/2003,label:musee de france,
6204102,4519451459,Musée des Beaux-Arts,,Cour d'Honneur,62000,Arras,France,fr,open,50.292028,2.7736831,,,,2008,payant:8612;gratuit:21026;label-date:06/01/2002,label:musee de france,
6231801,2960682988,Musée Quentovic,8,Place du Général de Gaulle,62630,Étaples,France,fr,open,50.5139724,1.6376703,,,,2008,payant:3552;gratuit:1072;label-date:01/02/2003,label:musee de france,
6276501,166832494,Musée de l'Hôtel Sandelin,,Rue Carnot,62500,Saint-Omer,France,fr,open,50.7491635,2.2540849375,,,,2008,payant:10990;gratuit:0;label-date:01/02/2003,label:musee de france,
1458201,329998597,Château de Saint-Germain de Livet,,D 268,14100,Saint-Germain-de-Livet,France,fr,open,49.0890928,0.2143756760222387,,,,2008,payant:7777;gratuit:14655;label-date:01/02/2003,label:musee de france,
1476201,273869916,Musée Municipal,,Place Sainte-Anne,14500,Vire,France,fr,open,48.83614215,-0.8884562231308408,,,,2008,payant:1818;gratuit:4965;label-date:01/02/2003,label:musee de france,
5021802,,Musée du Vieux Granville,,,,GRANVILLE,France,fr,open,,,,,,2008,payant:5082;gratuit:7222;label-date:01/02/2003,label:musee de france,
5052501,,Musée du Granit,,,,SAINT-MICHEL-DE-MONTJOIE,France,fr,open,,,,,,2008,payant:1929;gratuit:400;label-date:01/02/2003,label:musee de france,
5060101,,Musée du Château,,,,TORIGNI-SUR-VIRE,France,fr,open,,,,,,2008,payant:800;gratuit:1200;label-date:01/02/2003,label:musee de france,
5063901,218157369,Musée de la Poeslerie,,Cour du Foyer,50800,Villedieu-les-Poêles,France,fr,open,48.84073,-1.221661075,,,,2008,payant:5143;gratuit:216;label-date:01/02/2003,label:musee de france,
2737501,1281576361,Musée Municipal,,Place Ernest Thorel,27400,Louviers,France,fr,open,49.214913,1.1684299,,,,2008,payant:0;gratuit:6144;label-date:01/02/2003,label:musee de france,
7605701,,Musée Municipal,,,,BARENTIN,France,fr,closed,,,,,,2008,payant:0;gratuit:0;label-date:01/02/2003,label:musee de france,
7615701,6387889660,Pavillon Flaubert,18,Quai Gustave Flaubert,76380,Canteleu,France,fr,open,49.4345539,1.0301697,,,,2008,payant:0;gratuit:533;label-date:01/02/2003,label:musee de france,
7635101,69981531,Musée d'Art Moderne André Malraux - MuMa,2,Boulevard Clemenceau,76600,Le Havre,France,fr,open,49.48501735,0.10265666643901614,,,,2008,payant:32899;gratuit:28172;label-date:01/02/2003,label:musee de france,
7635102,,Abbaye de Graville - Musée du Prieuré de Graville,,,,LE HAVRE,France,fr,open,,,,,,2008,payant:3700;gratuit:4989;label-date:01/02/2003,label:musee de france,
7649701,69426369,Musée Départemental Pierre Corneille,502,Rue Pierre Corneille,76650,Petit-Couronne,France,fr,open,49.38956865,1.0212361735096276,,,,2008,payant:645;gratuit:2804;label-date:01/02/2003,label:musee de france,
7647401,121934820,Musée Industriel de la Corderie Vallois,185,Route de Dieppe,76960,Notre-Dame-de-Bondeville,France,fr,open,49.4951715,1.0479190217391308,,,,2008,payant:2505;gratuit:6167;label-date:01/02/2003,label:musee de france,
7654005,64181527,Musée des Beaux-Arts,,Esplanade Marcel Duchamp,76000,Rouen,France,fr,open,49.44473675,1.0945818804156213,,,,2008,payant:37104;gratuit:58687;label-date:06/01/2002,label:musee de france,
7662401,1826563,Association de l'Horlogerie Aliermontaise,,,76510,Saint-Nicolas-d'Aliermont,France,fr,open,49.878403,1.2140639,,,,2008,payant:4004;gratuit:1226;label-date:01/02/2003,label:musee de france,
7674201,479793340,Musée Victor Hugo,,Véloroute du Val de Seine,76490,Rouen,France,fr,open,49.5243684,0.7222076852299901,,,,2008,payant:4643;gratuit:9130;label-date:01/02/2003,label:musee de france,
4403601,272817005,Musée Municipal,,Rue du Grand Conde,44520,Moisdon-la-Rivière,France,fr,closed,47.6048045,-1.3481625114296083,,,,2008,payant:0;gratuit:0;label-date:01/02/2003,label:musee de france,
4900702,126922667,Musée Pincé,32,Rue Lenepveu,49100,Angers,France,fr,closed,47.4720515,-0.5520486041666655,,,,2008,payant:0;gratuit:0;label-date:01/02/2003,label:musee de france,
5300301,277287315,Musée des Tisserands Mayennais,,Place Billard de Veaux,53300,Ambrières-les-Vallées,France,fr,open,48.403429,-0.6308390478723407,,,,2008,payant:800;gratuit:587;label-date:01/02/2003,label:musee de france,
5312201,8292313,Musée Archéologique Départemental de Jublains,,Rue de la Libération,53160,Jublains,France,fr,open,48.2545411,-0.4975843742117564,,,,2008,payant:8522;gratuit:21692;label-date:18/07/2002,label:musee de france,
8519401,1793366945,Musée de l'Abbaye de Sainte-Croix,,Rue de Verdun,85100,Les Sables-d'Olonne,France,fr,open,46.4969604,-1.7770051,,,,2008,payant:12601;gratuit:16434;label-date:01/02/2003,label:musee de france,
8514601,76083845,Musée du Nord de la Vendée,,Place de l'Hôtel de Ville,85600,Montaigu,France,fr,closed,46.974196,-1.3132451686989501,,,,2008,payant:0;gratuit:0;label-date:01/02/2003,label:musee de france,
8516301,,Musée de la Construction Navale Artisanale,,,,NOIRMOUTIER EN L'ILE,France,fr,closed,,,,,,2008,payant:0;gratuit:0;label-date:01/02/2003,label:musee de france,
0236102,1418418104,Familistère de Guise,,Cité Familistère,02120,Guise,France,fr,open,49.9045566,3.6252747,,,,2008,payant:28848;gratuit:2956;label-date:01/02/2003,label:musee de france,
0230401,4200402074,Musée Jeanne d'Aboville,,Rue du Général de Gaulle,02800,La Fère,France,fr,open,49.6618629,3.3677694,,,,2008,payant:303;gratuit:215;label-date:01/02/2003,label:musee de france,
0240802,202812175,Musée d'Art et d'Archéologie,,Rue des Moulins,02250,Marle,France,fr,open,49.7417279,3.771423276198486,,,,2008,payant:1567;gratuit:5140;label-date:01/02/2003,label:musee de france,
0257401,236808363,Musée Monseigneur Pigneau de Behaine,,Rue du Musée,02550,Origny-en-Thiérache,France,fr,open,49.8961405,4.022224,,,,2008,payant:0;gratuit:240;label-date:01/02/2003,label:musee de france,
6014301,6253491677,Musée Pillon,45,Rue de l'Hôtel de Ville,60240,Chaumont-en-Vexin,France,fr,open,49.2623827,1.882077,,,,2008,payant:0;gratuit:132;label-date:01/02/2003,label:musee de france,
8002103,114347,Muséum d'histoire naturelle,,,,Amiens,France,fr,closed,49.8941708,2.2956951,,,,2008,payant:0;gratuit:0;label-date:01/02/2003,label:musee de france,
1601502,44840732,Atelier - Musée du Papier,,Rue de Bordeaux,16000,Saint-Cybard,France,fr,open,45.65355635,0.1495325417727163,,,,2008,payant:0;gratuit:12409;label-date:01/02/2003,label:musee de france,
1610202,1021853,Musée des Arts du Cognac (Annexe musée municipal),Place,Place de la Salle Verte,16100,Cognac,France,fr,open,45.695510549999995,-0.3321661455206766,,,,2008,payant:7725;gratuit:5330;label-date:01/02/2003,label:musee de france,
1730005,368061866,Musée Protestant,,Siwanoy Trail,10475,New York,United States,us,open,40.8717809,-73.8056401,,,,2008,payant:1367;gratuit:447;label-date:01/02/2003,label:musee de france,
1721801,,Musée Cappon,,,,MARANS,France,fr,closed,,,,,,2008,payant:0;gratuit:0;label-date:01/02/2003,label:musee de france,
7904901,48789536,Musée de Bressuire,,Rue Aristide Briand,79300,Bressuire,France,fr,open,46.84205515,-0.4928976167773377,,,,2008,payant:0;gratuit:5886;label-date:01/02/2003,label:musee de france,
7919104,795257552,Musée Bernard d’Agesci,26,Avenue de Limoges,79000,Niort,France,fr,open,46.3210536,-0.454416,,,,2008,payant:3794;gratuit:14862;label-date:01/02/2003,label:musee de france,
8619402,40140547,Musée Sainte-Croix,,Rue Paschal le Coq,86000,Poitiers,France,fr,open,46.57912245,0.34775441471496493,,,,2008,payant:3639;gratuit:17390;label-date:06/01/2002,label:musee de france,
8619404,40140547,Musée du baptistère Saint-Jean,,Rue Paschal le Coq,86000,Poitiers,France,fr,open,46.57912245,0.34775441471496493,,,,2008,payant:13908;gratuit:1527;label-date:01/02/2003,label:musee de france,
0407001,570290612,Musée Gassendi,64,Boulevard Gassendi,04000,Digne-les-Bains,France,fr,open,44.09366125,6.238406603731345,,,,2008,payant:2462;gratuit:6754;label-date:01/02/2003,label:musee de france,
0408801,5921065703,Musée Municipal,,D 13,04300,Mane,France,fr,closed,43.9352027,5.7592489,,,,2008,payant:0;gratuit:0;label-date:01/02/2003,label:musee de france,
0420901,90945318,Musée du Vieux Sisteron,30,Cours Melchior-Donnet,04200,Sisteron,France,fr,open,44.200942,5.942261210702718,,,,2008,payant:0;gratuit:567;label-date:01/02/2003,label:musee de france,
0601801,1416739719,Musée Fernand Léger,,Chemin du Val de Pome,06410,Biot,France,fr,open,43.6212652,7.1123586,,,,2008,payant:18796;gratuit:13261;label-date:06/01/2002,label:musee de france,
0602702,63863191,Musée Renoir,,Chemin des Collettes,06800,Cagnes-sur-Mer,France,fr,open,43.667673699999995,7.156948252321393,,,,2008,payant:30621;gratuit:9109;label-date:01/02/2003,label:musee de france,
0608305,137784549,Musée des Beaux-Arts,,Avenue de la Madone,06500,Menton,France,fr,open,43.766633999999996,7.487974850304882,,,,2008,payant:0;gratuit:19571;label-date:01/02/2003,label:musee de france,
0608805,,Musée Archéologique - Site de  Cimiez,,,,NICE,France,fr,open,,,,,,2008,payant:4201;gratuit:28434;label-date:01/02/2003,label:musee de france,
0608811,140067117,Musée National Marc Chagall,36,Avenue du Docteur Ménard,06000,Nice,France,fr,open,43.709136,7.269527046511632,,,,2008,payant:112161;gratuit:43630;label-date:06/01/2002,label:musee de france,
0608812,139931873,Musée Matisse,,Avenue des Arènes de Cimiez,06108,Nice,France,fr,open,43.7194,7.276208509997123,,,,2008,payant:33027;gratuit:92456;label-date:01/02/2003,label:musee de france,
0615502,88040667,Musée Picasso la guerre et la paix à Vallauris,,Place de la Libération,06220,Vallauris,France,fr,open,43.580016,7.0532145,,,,2008,payant:26574;gratuit:10668;label-date:06/01/2002,label:musee de france,
0615901,1297270381,Musées de la Citadelle,,Fossés de la Citadelle,06230,Villefranche-sur-Mer,France,fr,open,43.7017095,7.310623,,,,2008,payant:0;gratuit:37507;label-date:01/02/2003,label:musee de france,
1300106,,Musée Paul Arbaud,,,,AIX-EN-PROVENCE,France,fr,open,,,,,,2008,payant:680;gratuit:1500;label-date:01/02/2003,label:musee de france,
1300405,5944281,Musée Départemental de l'Arles Antique,,Avenue Jean Monnet,13200,Arles,France,fr,open,43.6727255,4.616514831816822,,,,2008,payant:19860;gratuit:53797;label-date:01/02/2003,label:musee de france,
1304701,,Musée Archéologique d'Istres René Beaucaire,,,,ISTRES,France,fr,open,,,,,,2008,payant:0;gratuit:5468;label-date:01/02/2003,label:musee de france,
1320691,168685674,Musée d'Art Contemporain - Galeries Contemporaines,7,Promenade Robert Laffont,13002,Marseille,France,fr,open,43.29672875,5.361025473368164,,,,2008,payant:8307;gratuit:18610;label-date:01/02/2003,label:musee de france,
1320402,68977335,Muséum d'Histoire Naturelle,,Impasse Montbard,13004,Marseille,France,fr,open,43.303785649999995,5.394594639673371,,,,2008,payant:6240;gratuit:25989;label-date:06/01/2002,label:musee de france,
1309101,921273362,Musée Suffren et du Vieux Saint-Cannat,,Rue du Docteur Roux,13760,Saint-Cannat,France,fr,open,43.6212577,5.2973598,,,,2008,payant:0;gratuit:5038;label-date:01/02/2003,label:musee de france,
1310001,6214739885,Musée des Alpilles,,Rue du Parage,13210,Saint-Rémy-de-Provence,France,fr,open,43.7894582,4.8308012,,,,2008,payant:2863;gratuit:5969;label-date:01/02/2003,label:musee de france,
1310302,,Musée de Salon et de la Crau,,,,SALON-DE-PROVENCE,France,fr,closed,,,,,,2008,payant:0;gratuit:0;label-date:01/02/2003,label:musee de france,
0500301,,Musée du Vieux Queyras,,,,AIGUILLES,France,fr,closed,,,,,,2008,payant:0;gratuit:0;label-date:01/02/2003,label:musee de france,
8305001,179782164,Musée Municipal,2,Place Blanqui,83990,Saint-Tropez,France,fr,open,43.2696385,6.635539872302159,,,,2008,payant:0;gratuit:13598;label-date:01/02/2003,label:musee de france,
8306201,,Musée Jean Aicard,,,,LE POUVEREL LA GARDE,France,fr,open,,,,,,2008,payant:0;gratuit:2827;label-date:01/02/2003,label:musee de france,
8313201,,Musée du Vêtement Provençal (Jean Aicard),,,,SOLLIES-VILLE,France,fr,open,,,,,,2008,payant:0;gratuit:3802;label-date:01/02/2003,label:musee de france,
8400704,1490236424,Musée Calvet (et musée Lapidaire),,Cours du Musée Calvet,84000,Avignon,France,fr,open,43.9469675,4.8036302,,,,2008,payant:19516;gratuit:13309;label-date:06/01/2002,label:musee de france,
8403502,,Musée de l'Hôtel Dieu,,,,CAVAILLON,France,fr,open,,,,,,2008,payant:0;gratuit:0;label-date:01/02/2003,label:musee de france,
8412301,749483617,Musée Municipal,,Rue du Musée,84390,Sault,France,fr,open,44.0911406,5.4084718,,,,2008,payant:0;gratuit:1557;label-date:01/02/2003,label:musee de france,
8413701,88549191,Musée Archéologique Théo Desplans,,Rue Burrus,84110,Vaison-la-Romaine,France,fr,open,44.2428537,5.074630722674918,,,,2008,payant:70916;gratuit:4455;label-date:01/02/2003,label:musee de france,
0113701,700244363,Musée Départemental du Revermont,,Rue Principale,01370,Bourg-en-Bresse,France,fr,open,46.30032775,5.389046761156977,,,,2008,payant:4416;gratuit:14358;label-date:01/02/2003,label:musee de france,
0718601,8313178925,Musée de la terre ardéchoise,,Voie Douce de la Payre,07000,Privas,France,fr,closed,44.7196687,4.6011043,,,,2008,payant:0;gratuit:0;label-date:01/02/2003,label:musee de france,
0732401,2793855499,Musée du Rhône,,,07270,Lamastre,France,fr,open,44.9980175,4.6108622,,,,2008,payant:5590;gratuit:3742;label-date:01/02/2003,label:musee de france,
2611301,145189774,Musée d'Histoire et d'Archéologie,2,Rue Noé,56000,Vannes,France,fr,open,47.6568685,-2.7579838224637703,,,,2008,payant:567;gratuit:1284;label-date:01/02/2003,label:musee de france,
2614601,133910375,Château de Grignan,,Rue Montant au Château,26230,Grignan,France,fr,open,44.418758600000004,4.908919569000301,,,,2008,payant:72998;gratuit:42930;label-date:01/02/2003,label:musee de france,
2621801,,Musée d'Art Sacré,,,,MOURS SAINT-EUSEBE,France,fr,open,,,,,,2008,payant:2623;gratuit:0;label-date:01/02/2003,label:musee de france,
2628101,61078917,Musée International de la Chaussure,,Rue Saint-Just,26100,Romans-sur-Isère,France,fr,open,45.04446045,5.054248261970345,,,,2008,payant:18268;gratuit:17799;label-date:01/02/2003,label:musee de france,
2632401,75706507,Musée d'Archéologie Tricastine,,Passage Fanjoux,26130,Saint-Paul-Trois-Châteaux,France,fr,open,44.34948825,4.768113979626141,,,,2008,payant:690;gratuit:3127;label-date:01/02/2003,label:musee de france,
2636201,,Musée des Beaux-Arts,,,,VALENCE,France,fr,open,,,,,,2008,payant:2299;gratuit:8641;label-date:01/02/2003,label:musee de france,
7405601,97313427,Musée Alpin,,Rue de la Tournette,74400,Chamonix-Mont-Blanc,France,fr,open,45.924025099999994,6.871257449784508,,,,2008,payant:9709;gratuit:6864;label-date:01/02/2003,label:musee de france,
7428001,4460540284,Musée des Vallées de Thônes,1,Rue Blanche,74230,Thônes,France,fr,open,45.8816772,6.3240667,,,,2008,payant:1723;gratuit:500;label-date:01/02/2003,label:musee de france,
3801201,875500989,Musée Gallo-Romain,16,Kielenstraat,3700,Tongeren,België / Belgique / Belgien,be,open,50.7814543,5.465715540741746,,,,2008,payant:5407;gratuit:1444;label-date:01/02/2003,label:musee de france,
3819001,1869973658,Maison du Patrimoine de Hières-sur-Amby,,Montée de la Cure,38118,Hières-sur-Amby,France,fr,open,45.7970511,5.2932086,,,,2008,payant:7208;gratuit:610;label-date:01/02/2003,label:musee de france,
3826901,1654912102,Musée Matheysin,,Rue Colonel Escallon,38350,La Mure,France,fr,open,44.9046933,5.7845917,,,,2008,payant:1187;gratuit:2036;label-date:01/02/2003,label:musee de france,
3844203,4323986447,Musée de la Grande Chartreuse,,D 103,38380,Saint-Pierre-de-Chartreuse,France,fr,open,45.3499104,5.7915302,,,,2008,payant:53720;gratuit:0;label-date:01/02/2003,label:musee de france,
3854403,2675390826,Musée des Beaux-Arts et d'Archéologie,,Place Miremont,38200,Vienne,France,fr,open,45.5239956,4.8748576,,,,2008,payant:784;gratuit:2593;label-date:01/02/2003,label:musee de france,
4205202,2959298116,Musée de la Soierie,,Rue Jean Morel,42190,Charlieu,France,fr,open,46.159575,4.1712806,,,,2008,payant:5335;gratuit:1664;label-date:01/02/2003,label:musee de france,
4209401,346317680,Musée d'Archéologie,,Rue Victor de Laprade,42110,Feurs,France,fr,open,45.7442509,4.2195524,,,,2008,payant:1023;gratuit:4080;label-date:01/02/2003,label:musee de france,
4221901,224220352,Château de la Bastie d'Urfé,,Route de la Batie D'urfe,42130,Saint-Étienne-le-Molard,France,fr,open,45.72759345,4.078354343331679,,,,2008,payant:15163;gratuit:13690;label-date:01/02/2003,label:musee de france,
4227901,2471969138,Musée des Civilisations : Daniel Pouget,,Square de la Résistance,42170,Saint-Just-Saint-Rambert,France,fr,open,45.5008625,4.2426518,,,,2008,payant:4059;gratuit:652;label-date:01/02/2003,label:musee de france,
6912302,440270631,Musée des Arts Décoratifs,,Autoroute du Soleil,69002,Lyon,France,fr,open,45.732677800000005,4.818160692638674,,,,2008,payant:0;gratuit:0;label-date:2003-02-01 00:00:00,label:musee de france,
6938604,1851239924,Musée Guimet,,Rue Morellet,69006,Lyon,France,fr,open,45.774489,4.8484697,,,,2008,payant:0;gratuit:0;label-date:01/02/2003,label:musee de france,
6923501,131339006,Musée Archéologique,,D 502,69560,Saint-Romain-en-Gal,France,fr,open,45.5291012,4.870453852740197,,,,2008,payant:20126;gratuit:46309;label-date:01/02/2003,label:musee de france,
6924801,1714229898,Ecomusée du Haut Beaujolais,,Chemin des Pierres Plantées,69240,Marnand,France,fr,open,46.0380747,4.315875,,,,2008,payant:680;gratuit:379;label-date:10/05/2005,label:musee de france,
6926401,2649845820,Musée Paul Dini,,Rue Grenette,69400,Villefranche-sur-Saône,France,fr,open,45.9908656,4.7211731,,,,2008,payant:14415;gratuit:7088;label-date:01/02/2003,label:musee de france,
7305401,5858569185,Musée du Costume,,Rue des Vergers,73700,Bourg-Saint-Maurice,France,fr,closed,45.6178322,6.7704898,,,,2008,payant:0;gratuit:0;label-date:01/02/2003,label:musee de france,
7306503,101956960,Musée des Charmettes,890,Chemin des Charmettes,73000,Chambéry,France,fr,open,45.5531438,5.929708443909043,,,,2008,payant:0;gratuit:12522;label-date:06/01/2002,label:musee de france,
7306504,51263801,Muséum d'histoire naturelle,,Avenue de Lyon,73000,Chambéry,France,fr,closed,45.564102399999996,5.916291852044658,,,,2008,payant:0;gratuit:0;label-date:01/02/2003,label:musee de france,
7318101,,Musée de l'Académie de La Val d'Isère,,,,MOÛTIERS,France,fr,open,,,,,,2008,payant:288;gratuit:239;label-date:01/02/2003,label:musee de france,
