id,osm_id,name,number,street,postal_code,city,country,country_code,status,lat,lon,website,phone,fax,email,year,stats,tags,description,wikidata,museofile,mhs
6706101,2399054638,Musée du Pays de Hanau,,Rue du Canal,67330,Bouxwiller,France,fr,open,48.8249535,7.4835103,https://www.museedupaysdehanau.eu/,+33 3 88 00 38 39,,,2005,payant:1387;gratuit:1772;total:3159;label-date:01/02/2003,label:musee de france,,Q3330468,M0003,
6730001,58887086,Musée de la Chartreuse,,Rue des Étudiants,67120,Molsheim,France,fr,open,48.5428428,7.490422123361975,,,,,2005,payant:3337;gratuit:79;total:3416;label-date:01/02/2003,label:musee de france,,,,
6748207,22290183,Musée Historique,2,Rue du Vieux Marché aux Poissons,67065,Strasbourg,France,fr,closed,48.579946,7.750767983802181,,,,,2005,payant:0;gratuit:0;total:;label-date:01/02/2003,label:musee de france,,,,
6754401,167263621,Musée Westercamp,,Rue du Musée,67160,Wissembourg,France,fr,closed,49.0389525,7.944872205882353,,,,,2005,payant:0;gratuit:0;total:;label-date:01/02/2003,label:musee de france,,,,
6755001,2176631839,Musée de la Bataille du 6 Août 1870,,Cour du Château,67360,Wœrth,France,fr,open,48.9388096,7.7472595,,,,,2005,payant:3100;gratuit:242;total:3342;label-date:01/02/2003,label:musee de france,,,,
6806301,6211249261,Musée de la Porte de Thann,,Rue Haffner,68700,Cernay,France,fr,closed,47.8099726,7.1731847,,,,,2005,payant:0;gratuit:0;total:;label-date:01/02/2003,label:musee de france,,,,
6816201,,Musée d'Histoire Local,,,,KAYSERSBERG,France,fr,open,,,,,,,2005,payant:358;gratuit:149;total:507;label-date:01/02/2003,label:musee de france,,,,
6822406,,Musée du Sapeur Pompier d'Alsace,,,,MULHOUSE,France,fr,closed,,,,,,,2005,payant:0;gratuit:0;total:;label-date:01/02/2003,label:musee de france,,,,
6833401,218472174,Ecomusée Textile,,Rue du Parc,68470,Husseren-Wesserling,France,fr,open,47.885102,6.996263986308496,,,,,2005,payant:669;gratuit:1283;total:1952;label-date:01/02/2003,label:musee de france,,,,
2452001,,Musée-Aquarium,,,,CREYSSE,France,fr,open,,,,,,,2005,payant:2977;gratuit:0;total:2977;label-date:01/02/2003,label:musee de france,,,,
2429101,,Musée Eugène Le Roy et des Vieux Métiers,,,,MONTIGNAC,France,fr,closed,,,,,,,2005,payant:0;gratuit:0;total:;label-date:01/02/2003,label:musee de france,,,,
2452002,,Musée de Sarlat et du Périgord Noir,,,,SARLAT-LA-CANEDA,France,fr,closed,,,,,,,2005,payant:0;gratuit:0;total:;label-date:01/02/2003,label:musee de france,,,,
3305801,,Musée d'Art et d'Histoire du Pays Blayais,,,,BLAYE,France,fr,closed,,,,,,,2005,payant:0;gratuit:0;total:;label-date:01/02/2003,label:musee de france,,,,
3306304,80024893,Musée d'Aquitaine,,Musée d'Aquitaine,33000,Bordeaux,France,fr,open,44.8356189,-0.5746906101232725,,,,,2005,payant:13573;gratuit:86307;total:99880;label-date:06/01/2002,label:musee de france,,,,
3306306,79979299,Musée des Beaux-Arts (aile sud),,Rue Dufau,33000,Bordeaux,France,fr,open,44.837340600000005,-0.5806817120198913,,,,,2005,payant:16389;gratuit:22017;total:38406;label-date:01/02/2003,label:musee de france,,Q954222,,
3306301,117456213,CAPC Musée d'Art Contemporain de Bordeaux,,Rue Foy,33000,Bordeaux,France,fr,open,44.84864035,-0.5721571062499995,,,,,2005,payant:12870;gratuit:74553;total:87423;label-date:01/02/2003,label:musee de france,,,,
3335201,3594400954,Musée agricole à la Ferme de Deloges,,D 126,33190,Les Esseintes,France,fr,closed,44.6073617,-0.0742559,,,,,2005,payant:0;gratuit:0;total:;label-date:01/02/2003,label:musee de france,,,,
3324302,265021487,Musée Ferroviaire,,Avenue de la Gare,,Guîtres,France,fr,closed,45.038131199999995,-0.19740907772227706,,,,,2005,payant:0;gratuit:0;total:;label-date:01/02/2003,label:musee de france,,,,
6410202,72701913,Musée Bonnat,,Rue Frédéric Bastiat,64100,Bayonne,France,fr,open,43.49209785,-1.4720849092568902,,,,,2005,payant:13733;gratuit:12971;total:26704;label-date:01/02/2003,label:musee de france,,,,
0304801,,Musée Charles-Louis Philippe,,,,CERILLY,France,fr,open,,,,,,,2005,payant:254;gratuit:0;total:254;label-date:01/02/2003,label:musee de france,,,,
0319001,77184178,Musée Anne de Beaujeu,,Rue des Fausses Braies,03000,Moulins,France,fr,open,46.56717035,3.3300616836759867,,,,,2005,payant:10622;gratuit:0;total:10622;label-date:01/02/2003,label:musee de france,,,,
0331002,90587179,Musée des Arts D'Afrique et D'Asie,16,Avenue Thermale,03200,Vichy,France,fr,open,46.128228,3.419954892380618,,,,,2005,payant:2928;gratuit:1094;total:4022;label-date:01/02/2003,label:musee de france,,,,
1501402,6580283562,Musée d'Art et d'Archéologie,,Rue des Carmes,15000,Aurillac,France,fr,open,44.9253069,2.4420708,,,,,2005,payant:992;gratuit:18646;total:19638;label-date:01/02/2003,label:musee de france,,,,
1518701,982070993,Musée de la Haute Auvergne,,Place d'Armes,15100,Saint-Flour,France,fr,open,45.0330738,3.0948739,,,,,2005,payant:3085;gratuit:2610;total:5695;label-date:01/02/2003,label:musee de france,,,,
2126501,480527098,Musée Noisot,,Rue de la Perrière,21220,Fixin,France,fr,open,47.245420300000006,4.9624034254665155,,,,,2005,payant:367;gratuit:454;total:821;label-date:01/02/2003,label:musee de france,,,,
2146401,4737197736,Musée Municipal,,Rue Camille Rodier,21700,Nuits-Saint-Georges,France,fr,open,47.1386701,4.9505695,,,,,2005,payant:841;gratuit:1003;total:1844;label-date:01/02/2003,label:musee de france,,,,
5819403,339392015,Musée du Palais Ducal,,Rue des Ouches,58000,Nevers,France,fr,closed,46.9882494,3.1580768,,,,,2005,payant:0;gratuit:0;total:;label-date:01/02/2003,label:musee de france,,,,
5822701,,Musée du Grès de Puisaye,,,,SAINT-AMAND-EN-PUISAYE,France,fr,open,,,,,,,2005,payant:3324;gratuit:0;total:3324;label-date:01/02/2003,label:musee de france,,,,
7107601,,Musée Denon,,,,CHALON-SUR-SAONE,France,fr,open,,,,,,,2005,payant:1531;gratuit:9689;total:11220;label-date:01/02/2003,label:musee de france,,,,
7113701,142255492,Musée d'Art et d'Archéologie,,Place Notre-Dame,60300,Senlis,France,fr,open,49.2064225,2.5866285006288354,,,,,2005,payant:81532;gratuit:21338;total:102870;label-date:01/02/2003,label:musee de france,,,,
7115301,2018713809,Ecomusée de la Communauté Le Creusot-Monceau-Les-Mines,,Rue Jules Guesde,71200,Le Creusot,France,fr,open,46.8055361,4.424299,,,,,2005,payant:13847;gratuit:6360;total:20207;label-date:01/02/2003,label:musee de france,,,,
7126301,372835947,Rue du Musée,,Rue du Musée,71440,Thurey,France,fr,open,46.7430242,5.1227339,,,,,2005,payant:1930;gratuit:369;total:2299;label-date:01/02/2003,label:musee de france,,,,
7154302,7419064526,Musée Bourguignon -  Perrin de Puycousin,,Rue de l'Hôpital,71700,Tournus,France,fr,open,46.562054,4.9109128,,,,,2005,payant:1159;gratuit:1438;total:2597;label-date:01/02/2003,label:musee de france,,,,
7156601,1840508168,Maison du Blé et du Pain,,Rue des Jardins,71350,Verdun-sur-le-Doubs,France,fr,open,46.8987867,5.0226253,,,,,2005,payant:4719;gratuit:716;total:5435;label-date:01/02/2003,label:musee de france,,,,
8902403,1256497741,Musée,,Rue Gaston Gallimard,89600,Saint-Florentin,France,fr,open,48.0013166,3.7283151,,,,,2005,payant:487;gratuit:1377;total:1864;label-date:01/02/2003,label:musee de france,,,,
8936801,2598935771,Musée Colette,,Place du Château,89520,Saint-Sauveur-en-Puisaye,France,fr,open,47.6173071,3.1989776,,,,,2005,payant:10587;gratuit:0;total:10587;label-date:01/02/2003,label:musee de france,,,,
2904601,40686013,Le Port-Musée,,Place de l'Enfer,29100,Ploaré,France,fr,open,48.092424,-4.332596723404256,,,,,2005,payant:36735;gratuit:10300;total:47035;label-date:01/02/2003,label:musee de france,,,,
2921701,84081121,Musée de Pont-Aven,,Rue Louis Lomenech,29930,Pont-Aven,France,fr,open,47.8550965,-3.746406090032833,,,,,2005,payant:40472;gratuit:2795;total:43267;label-date:01/02/2003,label:musee de france,,,,
2923202,94312010,Musée Départemental Breton,1,Rue du Roi Gradlon,29000,Quimper,France,fr,open,47.9953725,-4.1025369543379,,,,,2005,payant:21969;gratuit:16704;total:38673;label-date:01/02/2003,label:musee de france,,,,
3519401,92884430,Musée Saint-Nicolas,,Rue du Rachapt,35500,Vitré,France,fr,open,48.1260135,-1.2166992529105425,,,,,2005,payant:2220;gratuit:882;total:3102;label-date:01/02/2003,label:musee de france,,,,
3523801,7422696,Musée de Bretagne,,Boulevard Magenta,35000|35700|35200,Rennes,France,fr,closed,48.105132049999995,-1.6741388704016005,,,,,2005,payant:0;gratuit:0;total:;label-date:01/02/2003,label:musee de france,,,,
3528801,3275333600,Musée International du Long-Cours Cap-Hornier,,Cale Solidor,35400,Saint-Malo,France,fr,open,48.6340431,-2.0260137,,,,,2005,payant:7720;gratuit:2580;total:10300;label-date:01/02/2003,label:musee de france,,,,
3536001,92884430,Musée Saint-Nicolas,,Rue du Rachapt,35500,Vitré,France,fr,open,48.1260135,-1.2166992529105425,,,,,2005,payant:3048;gratuit:667;total:3715;label-date:01/02/2003,label:musee de france,,,,
5618101,2854735858,Musée National de la Marine,,Grand pont,56290,Port-Louis,France,fr,open,47.7102292,-3.3642103,,,,,2005,payant:37935;gratuit:17577;total:55512;label-date:01/02/2003,label:musee de france,,,,
5626002,145189774,Musée d'Histoire et d'Archéologie de Vannes,2,Rue Noé,56000,Vannes,France,fr,open,47.6568685,-2.7579838224637703,,,,,2005,payant:4985;gratuit:3310;total:8295;label-date:01/02/2003,label:musee de france,,,,
1814101,,Musée du Château Charles VII,,,,MEHUN-SUR-YEVRE,France,fr,open,,,,,,,2005,payant:8615;gratuit:0;total:8615;label-date:01/02/2003,label:musee de france,,,,
2805101,290571187,Musée de l'Homme de Néandertal,,D 144,19120,La Chapelle-aux-Saints,France,fr,closed,44.98183915,1.7134623841845142,,,,,2005,payant:0;gratuit:0;total:;label-date:01/02/2003,label:musee de france,,,,
2813401,182675003,Musée d'Art et d'Histoire de Dreux,,Place du Musée,28100,Dreux,France,fr,open,48.733925,1.3680411794478526,,,,,2005,payant:707;gratuit:7056;total:7763;label-date:01/02/2003,label:musee de france,,,,
3604601,,Musée George Sand et de la Vallée Noire,,,,LA CHATRE,France,fr,open,,,,,,,2005,payant:3667;gratuit:1623;total:5290;label-date:01/02/2003,label:musee de france,,,,
3609201,149263965,Musée L,3,Place des Sciences,1348,Ottignies-Louvain-la-Neuve,België / Belgique / Belgien,be,closed,50.6682538,4.620109526811595,http://www.museel.be,+32 10 47 48 41,,info@museel.be,2005,payant:0;gratuit:0;total:;label-date:01/02/2003,label:musee de france,,Q48773771,,
3620001,275239079,Musée Archéologique d'Argentomagus,,Impasse du Clos des Mersans,36200,Saint-Marcel,France,fr,open,46.600498,1.5163171900000003,,,,,2005,payant:10366;gratuit:11451;total:21817;label-date:01/02/2003,label:musee de france,,,,
3700301,1517051946,Musée de l'Hôtel de Ville,,Rue François 1er,37400,Amboise,France,fr,open,47.4131973,0.9839918,,,,,2005,payant:0;gratuit:4785;total:4785;label-date:01/02/2003,label:musee de france,,Q23571290,,
3713202,65229447,Maison Musée René Descartes,29,Rue Descartes,37160,Descartes,France,fr,closed,46.972620899999995,0.6999355493597434,https://museedescartes.wixsite.com/museedescartes,+33 2 47 59 79 19,,,2005,payant:0;gratuit:0;total:;label-date:01/02/2003,label:musee de france;label:monuments-historiques;type:monument-historique,,,M0257,PA00097739
3724101,,Musée du Savignéen,,,,SAVIGNE-SUR-LATHAN,France,fr,open,,,,,,,2005,payant:1593;gratuit:329;total:1922;label-date:01/02/2003,label:musee de france,,,,
3726105,40514601,Musée du Compagnonnage,2,Place Anatole France,37000,Tours,France,fr,open,47.39641815,0.6869935971502714,,,,,2005,payant:36713;gratuit:13401;total:50114;label-date:01/02/2003,label:musee de france,,,,
3726102,73677174,Musée des Beaux-Arts,,Rue Fleury,37000,Tours,France,fr,open,47.39526145000001,0.6950591874529539,,,,,2005,payant:19226;gratuit:27440;total:46666;label-date:06/01/2002,label:musee de france,,,,
4126901,541957843,Musée de Vendôme,,Allée de Yorktown,41100,Vendôme,France,fr,open,47.7907832,1.0689238,,,,,2005,payant:2216;gratuit:7208;total:9424;label-date:01/02/2003,label:musee de france,,,,
4520301,,Musée Gaston Couté,,,,MEUNG-SUR-LOIRE,France,fr,open,,,,,,,2005,payant:0;gratuit:275;total:275;label-date:01/02/2003,label:musee de france,,,,
4520801,95074878,Musée Girodet,2,Rue du Faubourg de la Chaussée,45200,Montargis,France,fr,open,47.997254999999996,2.7365194242424016,http://www.musee-girodet.fr,+33 2 38 98 07 81,,,2005,payant:449;gratuit:0;total:449;label-date:27/12/2002,label:musee de france,,Q3329176,M0284,
0836201,115500287,Musée Guerre et Paix en Ardennes,,Impasse du Musée,08270,Novion-Porcien,France,fr,closed,49.6002819,4.415982189901115,http://www.novion-porcien.com/Wiki!Musee_Guerre_Paix,,,,2005,payant:0;gratuit:0;total:;label-date:01/02/2003,label:musee de france,,Q3329185,,
1038702,73124719,Musée d'Art Moderne (Ancien Évêché),,Rue de la Crosse,10000,Troyes,France,fr,open,48.29995,4.082291342005172,http://www.musees-troyes.com/536-musee-d-art-moderne.htm,+333 25 76 26 80,,musart@ville-troyes.fr,2005,payant:0;gratuit:0;total:;label-date:01/02/2003,label:musee de france;label:monuments-historiques;type:monument-historique,,Q22915413,,PA00078262
1038701,73123253,Musée Saint-Loup (ancienne Abbaye Saint-Loup),61,Rue de la Cité,10000,Troyes,France,fr,open,48.3007334,4.080420707848399,http://www.musees-troyes.com/539-presentation-du-musee-saint-loup.htm,+333 25 42 20 09,,musart@ville-troyes.fr,2005,payant:0;gratuit:0;total:;label-date:01/02/2003,label:musee de france;label:monuments-historiques;type:monument-historique,,Q2820396,,PA00078248
1038706,73124719,Musée d'Art Moderne,,Rue de la Crosse,10000,Troyes,France,fr,open,48.29995,4.082291342005172,,,,,2005,payant:27877;gratuit:0;total:27877;label-date:01/02/2003,label:musee de france,,,,
5206001,,Musée Municipal,,,,BOURBONNE-LES-BAINS,France,fr,open,,,,,,,2005,payant:0;gratuit:649;total:649;label-date:01/02/2003,label:musee de france,,,,
5244801,65662699,Musée,,Allée Jean-François Lescuyer,52100,Saint-Dizier,France,fr,open,48.63793305,4.948117698073352,,,,,2005,payant:0;gratuit:4449;total:4449;label-date:01/02/2003,label:musee de france,,,,
5123001,183978059,Musée de l'Ours des Cavernes,,D 45,73670,Entremont-le-Vieux,France,fr,closed,45.451615000000004,5.882174889178614,,,,,2005,payant:0;gratuit:0;total:;label-date:01/02/2003,label:musee de france,,,,
5145401,733881096,Musée des Beaux-Arts de Saint-Denis,,,51100,Reims,France,fr,open,49.252981500000004,4.030427080857688,,,,,2005,payant:10232;gratuit:25598;total:35830;label-date:06/01/2002,label:musee de france,,,,
2B00901,,Musée d'archéologie d'Aleria - Jérôme Carcopino,,,,ALERIA,France,fr,open,,,,,,,2005,payant:23884;gratuit:18227;total:42111;label-date:01/02/2003,label:musee de france,,,,
2505604,7345774098,Musée Comtois,,Chemin de Ronde de la Citadelle,25000,Besançon,France,fr,open,47.2298091,6.034391,,,,,2005,payant:0;gratuit:0;total:;label-date:01/02/2003,label:musee de france,,,,
2505602,53757083,Musée du Temps,,Rue Victor Hugo,25000,Besançon,France,fr,open,47.2346134,6.029035561950042,,,,,2005,payant:58481;gratuit:0;total:58481;label-date:01/02/2003,label:musee de france,,,,
2538801,7372375792,Musée Beurnier-Rossel,,Square Beurnier,25200,Montbéliard,France,fr,open,47.5098603,6.79769,,,,,2005,payant:5665;gratuit:5722;total:11387;label-date:01/02/2003,label:musee de france,,,,
2541801,33921375,Musée de Plein Air des Maisons Comtoises,,Rue du Musée,25360,Nancray,France,fr,open,47.23771675,6.184408422290256,,,,,2005,payant:28312;gratuit:8111;total:36423;label-date:01/02/2003,label:musee de france,,,,
7024501,192995465,Ecomusée du Pays de la Cerise,,Le Petit Fahys,70220,Lure,France,fr,open,47.90680895,6.4023357809508346,,,,,2005,payant:6133;gratuit:54;total:6187;label-date:01/02/2003,label:musee de france,,,,
7027901,7508378482,Musée Baron Martin,,Tertre du Château,70100,Gray,France,fr,open,47.4464565,5.5938421,,,,,2005,payant:6565;gratuit:5027;total:11592;label-date:01/02/2003,label:musee de france,,,,
3947801,,Musée de l'Abbaye/Donations Guy Bardone - René Genis,,,,SAINT-CLAUDE,France,fr,closed,,,,,,,2005,payant:0;gratuit:0;total:;label-date:01/02/2003,label:musee de france,,,,
3904101,121580330,Abbaye,,Rue de l'Abbaye,39210,Château-Chalon,France,fr,closed,46.753866,5.6242957318903315,,,,,2005,payant:0;gratuit:0;total:;label-date:01/02/2003,label:musee de france;label:monuments-historiques;type:monument-historique,,,,PA00101823
9711201,6042462812,Ecomusée de Marie-Galante,,Route de Grand-Bourg à Capesterre,97140,Grand-Bourg,France,fr,closed,15.8784483,-61.2995603,,,,,2005,payant:0;gratuit:0;total:;label-date:01/02/2003,label:musee de france,,,,
9711701,1965845057,Musée Précolombien Edgar Clerc,,Route de la Plante,97160,Le Moule,France,fr,open,16.3396546,-61.3771244,,,,,2005,payant:0;gratuit:2000;total:2000;label-date:01/02/2003,label:musee de france,,,,
9730901,9598387,Musée des Cultures Guyanaises,54,Rue Madame Payé,97300,Cayenne,France,fr,open,4.9412531,-52.32960007270078,,,,,2005,payant:0;gratuit:9216;total:9216;label-date:01/02/2003,label:musee de france,,,,
9120001,2650356282,Château-Musée de Dourdan,,Rue du Marché aux Grains,91410,Dourdan,France,fr,open,48.5298686,2.0111955,,,,,2005,payant:9050;gratuit:6426;total:15476;label-date:01/02/2003,label:musee de france,,,,
9201201,,Musée des Années Trente,,,,BOULOGNE-BILLANCOURT,France,fr,open,,,,,,,2005,payant:20085;gratuit:5777;total:25862;label-date:01/02/2003,label:musee de france,,,,
9202301,71858423,Fondation Arp,21,Rue des Châtaigniers,92140,Clamart,France,fr,open,48.80356925,2.244439479972457,,,,,2005,payant:2098;gratuit:602;total:2700;label-date:2003-12-16 00:00:00,label:musee de france,,,,
9202602,82241201,Musée Roybet Fould,178,Boulevard Saint-Denis,92400,Courbevoie,France,fr,closed,48.90043675,2.2718533501517357,,+33 1 71 05 77 92,,,2005,payant:0;gratuit:0;total:;label-date:06/01/2002,label:musee de france;label:monuments-historiques;type:monument-historique,,Q22924332,,PA00088106
9204802,,Musée - Atelier Rodin (Annexe du musée de Paris),,,,MEUDON,France,fr,open,,,,,,,2005,payant:4787;gratuit:3269;total:8056;label-date:06/01/2002,label:musee de france,,,,
9207201,43402166,Musée national de céramique de Sèvres,2,Place de la Manufacture Nationale,92310,Sèvres,France,fr,open,48.82868175,2.223050158499171,,,,,2005,payant:14215;gratuit:17109;total:31324;label-date:06/01/2002,label:musee de france,,,,
7511620,368173940,Museo Italo Americano,,Green Street,94133,San Francisco,United States,us,closed,37.7994878,-122.4102893,,,,,2005,payant:0;gratuit:0;total:;label-date:2003-12-16 00:00:00,label:musee de france,,,,
7510507,7444,Paris,,,,Paris,France,fr,closed,48.8566969,2.3514616,http://www.paris.fr,,,,2005,payant:0;gratuit:0;total:;label-date:06/01/2002,label:musee de france,,Q90,,
7510901,251318666,Musée National Gustave Moreau,,Rue de La Rochefoucauld,75009,Paris,France,fr,open,48.8779237,2.3345515,,,,,2005,payant:20987;gratuit:11956;total:32943;label-date:06/01/2002,label:musee de france,,,,
7510501,56640163,Musée du Moyen Age-Thermes et Hôtel de Cluny,6,Place Paul Painlevé,75005,Paris,France,fr,open,48.85064945,2.3435643010185183,,,,,2005,payant:171942;gratuit:119040;total:290982;label-date:06/01/2002,label:musee de france,,,,
7510517,237003117,Musée de l'Assistance Publique - Hôpitaux de Paris,,Quai de la Tournelle,75005,Paris,France,fr,open,48.850724,2.3518758,,,,,2005,payant:11825;gratuit:10152;total:21977;label-date:02/10/2002,label:musee de france,,,,
7511616,84511129,Maison de Balzac,47,Rue Raynouard,75016,Paris,France,fr,open,48.85520045,2.2808817591013373,,,,,2005,payant:1379;gratuit:20845;total:22224;label-date:08/07/2004,label:musee de france,,,,
7511801,154679327,Musée de Montmartre,,Rue Cortot,75018,Paris,France,fr,open,48.88824985,2.340677614299779,,,,,2005,payant:40070;gratuit:6138;total:46208;label-date:01/02/2003,label:musee de france,,,,
7511606,5918699678,Le Musée,,Rue Joliot-Curie,91190,Le Moulon,France,fr,closed,48.7094092,2.1666145,,,,,2005,payant:0;gratuit:0;total:;label-date:09/07/2004,label:musee de france,,,,
7510703,472159547,Musée Rodin,,Rue de Varenne,75007,Paris,France,fr,open,48.85474735,2.3158669998625365,http://www.musee-rodin.fr,+33 1 44 18 61 10,,,2005,payant:337995;gratuit:256361;total:594356;label-date:06/01/2002,label:musee de france,,Q650519,M5044,
7511615,79219308,Musée d'Art Moderne de la ville de Paris,,Rue Gaston de Saint-Paul,75116,Paris,France,fr,open,48.8643133,2.2978602225671843,,,,,2005,payant:12925;gratuit:67801;total:80726;label-date:08/07/2004,label:musee de france,,,,
7510106,7515426,Musée du Louvre,,Rue Croix des Petits Champs,75001,Paris,France,fr,open,48.8611473,2.33802768704666,,,,,2005,payant:5021000;gratuit:2490000;total:7511000;label-date:06/01/2002,label:musee de france,,,,
7510107,,Musée de la Mode et du Textile (Union Centrale des Arts Décoratifs),,,,PARIS,France,fr,open,,,,,,,2005,payant:0;gratuit:0;total:;label-date:06/01/2002,label:musee de france,,,,
7728401,112061664,Musée Bossuet,5,Place Charles De Gaulle,77100,Meaux,France,fr,open,48.960741,2.8784914364406817,,,,,2005,payant:8127;gratuit:6750;total:14877;label-date:01/02/2003,label:musee de france,,,,
7737901,2281215620,Musée de Provins et du Provinois,,Rue du Palais,77160,Provins,France,fr,open,48.5615816,3.2907221,,,,,2005,payant:13526;gratuit:2372;total:15898;label-date:01/02/2003,label:musee de france,,,,
9304801,4247776290,Musée de l'Histoire Vivante,31,Boulevard Théophile Sueur,93100,Bobigny,France,fr,open,48.8660128,2.4718198,,,,,2005,payant:0;gratuit:0;total:;label-date:01/02/2003,label:musee de france,,,,
9401701,109523782,Musée de la Résistance Nationale,,Avenue Marx Dormoy,94500,Champigny-sur-Marne,France,fr,open,48.807266999999996,2.5252640000000017,,,,,2005,payant:0;gratuit:0;total:;label-date:01/02/2003,label:musee de france,,,,
9405201,1788374144,Musée de Nogent-Sur-Marne,36,Boulevard Gallieni,94130,Nogent-sur-Marne,France,fr,open,48.840397,2.4849183,,,,,2005,payant:0;gratuit:6376;total:6376;label-date:01/02/2003,label:musee de france,,,,
9408101,1938023794,Musée MAC VAL,,Avenue du Moulin de Saquet,94400,Vitry-sur-Seine,France,fr,open,48.7920535,2.3852432,,,,,2005,payant:7439;gratuit:25167;total:32606;label-date:01/02/2003,label:musee de france,,,,
9520501,355298205,Musée de la Renaissance - Château d'Ecouen,,Rue Paul Lorillon,95440,Écouen,France,fr,open,49.01583335,2.3756373812644034,,,,,2005,payant:19445;gratuit:35177;total:54622;label-date:06/01/2002,label:musee de france,,,,
9531301,2584777625,Musée d'Art et d'Histoire Louis Senlecq,,Grande Rue,95290,L'Isle-Adam,France,fr,open,49.1125448,2.2159284,,,,,2005,payant:2016;gratuit:12064;total:14080;label-date:01/02/2003,label:musee de france,,,,
7832201,413276082,Musée de la Toile de Jouy,54,Rue Charles de Gaulle,78350,Les Loges-en-Josas,France,fr,open,48.76918135,2.1520865703763596,,,,,2005,payant:9781;gratuit:1060;total:10841;label-date:01/02/2003,label:musee de france,,,,
7855102,1743396701,Musée Claude Debussy,38,Rue au Pain,78100,Saint-Germain-en-Laye,France,fr,closed,48.8968516,2.0926968,,,,,2005,payant:0;gratuit:0;total:;label-date:01/02/2003,label:musee de france,,Q3329114,,
9743501,298835000,Musée de Villèle,,Rue Mahatma Gandhi,97435,Villèle,France,fr,open,-21.056419499999997,55.263592665368016,,,,,2005,payant:20241;gratuit:11064;total:31305;label-date:01/02/2003,label:musee de france,,Q3330590,,
3002802,,Musée Léon Alègre,,,,BAGNOLS-SUR-CEZE,France,fr,open,,,,,,,2005,payant:275;gratuit:325;total:600;label-date:01/02/2003,label:musee de france,,,,
3003201,1754343,Musée,,Rue de la Grille,30300,Beaucaire,France,fr,open,43.807104499999994,4.645857409267913,,,,,2005,payant:626;gratuit:2947;total:3573;label-date:01/02/2003,label:musee de france;label:monuments-historiques;type:monument-historique,,Q22953563,,PA00103019
3018906,249023783,Carré d'Art,16,Place de la Maison Carrée,30000,Nîmes,France,fr,open,43.8379778,4.3550651390627815,,+33466763530,,bibliotheque@ville-nimes.fr,2005,payant:43165;gratuit:0;total:43165;label-date:01/02/2003,label:musee de france,,Q1045385,,
3035101,908930249,Musée Pierre de Luxembourg,,Rue de la République,30400,Villeneuve-lès-Avignon,France,fr,open,43.9637314,4.7968264,,,,,2005,payant:4171;gratuit:2859;total:7030;label-date:01/02/2003,label:musee de france,,,,
3412901,82385734,Musée Archéologique Henri Prades,390,Route de Pérols,34970,Lattes,France,fr,open,43.5659143,3.9085239683621795,,,,,2005,payant:3546;gratuit:2191;total:5737;label-date:01/02/2003,label:musee de france,,,,
3419901,274270736,Musée de Vulliod Saint-Germain,,Impasse Canabassière,34120,Pézenas,France,fr,open,43.46137195,3.4230444718898876,,,,,2005,payant:1799;gratuit:1943;total:3742;label-date:01/02/2003,label:musee de france,,,,
4811601,614381321,Ecomusée du Mont Lozère,,D 20,48220,Florac,France,fr,open,44.3655806,3.7463973,,,,,2005,payant:2809;gratuit:1810;total:4619;label-date:01/02/2003,label:musee de france,,,,
2309601,6222152324,Musée de l'électrification,,Route de la Cascade,23400,Bourganeuf,France,fr,open,45.9496263,1.7563312,,,,,2005,payant:4968;gratuit:5239;total:10207;label-date:01/02/2003,label:musee de france,,Q3329870,,
5427401,99542401,Musée de l'Histoire du Fer,,Avenue Général de Gaulle,54140,Jarville-la-Malgrange,France,fr,open,48.666507499999994,6.208713471590913,,,,,2005,payant:2212;gratuit:4720;total:6932;label-date:01/02/2003,label:musee de france,,,,
5439502,64003170,Muséum- Aquarium de Nancy,,Rue Sainte-Catherine,54100,Nancy,France,fr,open,48.6947248,6.187939874919698,,,,,2005,payant:26153;gratuit:48979;total:75132;label-date:01/02/2003,label:musee de france,,,,
5553301,1198779245,Musée d’Art et d’Histoire Michel Hachet,25,Rue Gouvion Saint-Cyr,54200,Toul,France,fr,open,48.6784079,5.8911945,http://www.toul.fr,+33 3 83 64 13 38,,,2005,payant:916;gratuit:598;total:1514;label-date:01/02/2003,label:musee de france,,Q3329626,M0515,
5753701,823312790,Musée de la Mine - Carreau Wendel,,Rue Saint-Charles,57540,Petite-Rosselle,France,fr,open,49.2039277,6.8630557,,,,,2005,payant:4441;gratuit:1113;total:5554;label-date:01/02/2003,label:musee de france,,,,
5763001,2351192125,Musée du Pays de Sarrebourg,,Rue de la Paix,57400,Sarrebourg,France,fr,open,48.7352213,7.05534,,,,,2005,payant:4227;gratuit:5567;total:9794;label-date:01/02/2003,label:musee de france,,,,
8816001,100809875,Musée Départemental d'Art Ancien et Contemporain,1,Place Lagarde,88000,Épinal,France,fr,open,48.1727635,6.446326185692797,,,,,2005,payant:8722;gratuit:18651;total:27373;label-date:01/02/2003,label:musee de france,,,,
8838302,2582715284,Musée Charles Friry,12,Rue du Général Humbert,88200,Remiremont,France,fr,open,48.0151071,6.5897788,,,,,2005,payant:356;gratuit:2262;total:2618;label-date:11/08/2002,label:musee de france,,,,
9720901,4807601528,Musée Régional d'Histoire et d'Éthnographie,10,Boulevard Général de Gaulle,97200,Fort-de-France,France,fr,open,14.6063988,-61.0657667,,,,,2005,payant:5996;gratuit:1682;total:7678;label-date:01/02/2003,label:musee de france,,Q15818376,M1066,
0918101,3127357651,Musée de la Préhistoire,,Place de l'Église,09290,Le Mas-d'Azil,France,fr,open,43.0800307,1.3600366,,,,,2005,payant:10908;gratuit:0;total:10908;label-date:01/02/2003,label:musee de france,,,,
1209601,152864630,Musée du Rouergue,,Place Pierre Frontin,12500,Espalion,France,fr,open,44.5211405,2.7606325085458474,http://musees.aveyron.fr,+33 5 65 44 19 91,,,2005,payant:377;gratuit:49;total:426;label-date:01/02/2003,label:musee de france,,,M0547,
1209602,152865476,Musée Joseph Vaylet,,Rue Droite,12500,Espalion,France,fr,open,44.521226,2.7623283513681596,,,,,2005,payant:3173;gratuit:439;total:3612;label-date:01/02/2003,label:musee de france,,,,
1214501,187705210,Musée mémoire de la vie rurale,,Rue de la Madeleine,12620,Saint-Beauzély,France,fr,open,44.164187,2.9579286798418973,http://www.saint-beauzely.fr/Musee-des-metiers-et-de-la-pierre.aspx,,,,2005,payant:15704;gratuit:11270;total:26974;label-date:01/02/2003,label:musee de france;label:monuments-historiques;type:monument-historique,,Q2970494,,PA12000013
3104201,,Musée du Pays de Luchon,,,,BAGNERES-DE-LUCHON,France,fr,open,,,,,,,2005,payant:2107;gratuit:268;total:2375;label-date:01/02/2003,label:musee de france,,,,
3132401,,Musée Municipal,,,,MARTRES-TOLOSANE,France,fr,open,,,,,,,2005,payant:0;gratuit:745;total:745;label-date:01/02/2003,label:musee de france,,,,
3155503,833971998,Musée Paul Dupuy,,Rue de la Pleau,31000,Toulouse,France,fr,open,43.5969961,1.4469176608344112,,,,,2005,payant:5789;gratuit:6492;total:12281;label-date:01/02/2003,label:musee de france,,,,
3155502,261558997,Musée Saint-Raymond,1,Place Saint-Sernin,31000,Toulouse,France,fr,open,43.60783095,1.4411195508590957,,,,,2005,payant:16221;gratuit:36717;total:52938;label-date:01/02/2003,label:musee de france,,,,
8109101,379420307,Musée du protestantisme en Haut-Languedoc,,D 53,81260,Castres,France,fr,open,43.661023,2.449145648571428,,,,,2005,payant:1286;gratuit:913;total:2199;label-date:01/02/2003,label:musee de france,,,,
8109902,60929966,Rue Philadelphe Thomas,,Rue Philadelphe Thomas,81600,Gaillac,France,fr,open,43.8993239,1.8943379,,,,,2005,payant:596;gratuit:2419;total:3015;label-date:01/02/2003,label:musee de france,,,,
8109903,1794967900,Musée de l'Abbaye Saint-Michel,,Petite Rue Saint-Michel,81600,Gaillac,France,fr,open,43.8969758,1.8960647,,,,,2005,payant:3440;gratuit:932;total:4372;label-date:01/02/2003,label:musee de france,,,,
8122001,,Musée du Pays Rabastinois,,,,RABASTENS,France,fr,open,,,,,,,2005,payant:1519;gratuit:3944;total:5463;label-date:01/02/2003,label:musee de france,,,,
8212102,127805191,Musée Ingres,,Rue Marie Lafon,82000,Montauban,France,fr,open,44.01688865,1.3514607739557976,,,,,2005,payant:38252;gratuit:0;total:38252;label-date:06/01/2002,label:musee de france,,,,
5903601,107548567,Musée archéologique,,Allée Chanoine Biévelet,59570,Bavay,France,fr,closed,50.298608,3.79103261466165,https://forumantique.fr/,,,,2005,payant:0;gratuit:0;total:;label-date:01/02/2003,label:musee de france,,,,
5905301,,"Forum Antique de Bavay, Musée Archéologique du Département du Nord",,,,BAVAY,France,fr,open,,,,,,,2005,payant:9004;gratuit:6318;total:15322;label-date:01/02/2003,label:musee de france,,,,
5909201,115800970,Musée d'histoire et de folklore,16,Rue de Bouchain,7800,Ath,België / Belgique / Belgien,be,open,50.630392799999996,3.779913004544891,,,,,2005,payant:102;gratuit:721;total:823;label-date:01/02/2003,label:musee de france,,,,
5924901,4635200763,Heid des Fourmis,,,4845,Surister,België / Belgique / Belgien,be,open,50.5480195,5.9426894,,,,,2005,payant:48377;gratuit:0;total:48377;label-date:01/02/2003,label:musee de france,,,,
5913601,75875248,Musée Matisse,,Rue Charles Seydoux,59360,Le Cateau-Cambrésis,France,fr,open,50.10631,3.5407261226588345,http://www.cg59.fr/FrontOffice/UserFiles/File/Musee_Matisse/default.html,+33 3 27 84 64 50,,,2005,payant:34417;gratuit:47371;total:81788;label-date:01/02/2003,label:musee de france,,,M0627,
5935002,152835085,Palais des Beaux-Arts de Lille,,Place de la République,59000,Lille,France,fr,open,50.630458149999995,3.0628110944444478,,,,,2005,payant:202535;gratuit:30355;total:232890;label-date:06/01/2002,label:musee de france,,,,
5939201,,Musée Henri Boez,,,,MAUBEUGE,France,fr,closed,,,,,,,2005,payant:0;gratuit:0;total:;label-date:01/02/2003,label:musee de france,,,,
5951201,,Musée des Beaux-Arts,,,,ROUBAIX,France,fr,open,,,,,,,2005,payant:71173;gratuit:99355;total:170528;label-date:01/02/2003,label:musee de france,,,,
6216004,18822516,Boulogne Sur Mer,,Boulogne Sur Mer,C1187AAN,Buenos Aires,Argentina,ar,closed,-34.603178,-58.4063017,,,,,2005,payant:0;gratuit:0;total:;label-date:01/02/2003,label:musee de france,,,,
6231801,2960682988,Musée Quentovic,8,Place du Général de Gaulle,62630,Étaples,France,fr,open,50.5139724,1.6376703,,,,,2005,payant:3271;gratuit:1855;total:5126;label-date:01/02/2003,label:musee de france,,,,
6241301,110215831,Rue du Musée,,Rue du Musée,62440,Harnes,France,fr,open,50.447528,2.9107465,,,,,2005,payant:0;gratuit:1414;total:1414;label-date:01/02/2003,label:musee de france,,,,
1411805,98093576,国宝館,,北参道,630-8213,奈良市,日本,jp,closed,34.68353285,135.832533375129,,,,,2005,payant:0;gratuit:0;total:;label-date:01/02/2003,label:musee de france,,Q1070863,,
1411804,6465290615,Mémorial de Caen,,Cours des Français Libres,14000,Caen,France,fr,open,49.1985281,-0.3834794,,,,,2005,payant:368345;gratuit:36395;total:404740;label-date:01/02/2003,label:musee de france,,,,
1433301,7179675885,Musée d'Ethnographie et d'Arts Populaires et Musée de la Marine,,Rue de la Prison,14600,Honfleur,France,fr,open,49.4196131,0.233695,,,,,2005,payant:18976;gratuit:0;total:18976;label-date:01/02/2003,label:musee de france,,,,
1451201,7579732101,Musée de l'imprimerie,,Rue des Léopards,14110,Vire,France,fr,open,48.8589438,-0.5682422,,,,,2005,payant:3274;gratuit:1416;total:4690;label-date:01/02/2003,label:musee de france,,,,
1475401,367285600,Musée Paléontologique,,Avenue Jean Moulin,14640,Villers-sur-Mer,France,fr,open,49.32785775000001,0.013359593768197942,,,,,2005,payant:0;gratuit:26088;total:26088;label-date:01/02/2003,label:musee de france,,,,
5021802,,Musée du Vieux Granville,,,,GRANVILLE,France,fr,open,,,,,,,2005,payant:7802;gratuit:4779;total:12581;label-date:01/02/2003,label:musee de france,,,,
5021803,135528003,Musée Christian Dior,,Rue du Docteur Ollivier,50400,Granville,France,fr,open,48.8429745,-1.592543481481478,,,,,2005,payant:54301;gratuit:0;total:54301;label-date:01/02/2003,label:musee de france,,,,
5052501,,Musée du Granit,,,,SAINT-MICHEL-DE-MONTJOIE,France,fr,open,,,,,,,2005,payant:1871;gratuit:0;total:1871;label-date:01/02/2003,label:musee de france,,,,
5061501,,Musée Régional du Cidre et du Calvados,,,,VALOGNES,France,fr,open,,,,,,,2005,payant:4830;gratuit:0;total:4830;label-date:01/02/2003,label:musee de france,,,,
5063901,218157369,Musée de la Poëslerie et Maison de la Dentellière,,Cour du Foyer,50800,Villedieu-les-Poêles,France,fr,open,48.84073,-1.221661075,http://www.museesvilledieu.sitew.com,+33 2 33 69 33 44,,,2005,payant:6440;gratuit:262;total:6702;label-date:01/02/2003,label:musee de france,,Q26252333,M0693,
6129301,4932646613,Les Muséales de Tourouvre-au-Perche,,Rue du Québec,61190,Mortagne-au-Perche,France,fr,open,48.590346,0.6553656,,,,,2005,payant:0;gratuit:825;total:825;label-date:01/02/2003,label:musee de france,,Q3279669,,
2716501,,Musée du Verre et de la Pierre,,,,CONCHES-EN-OUCHE,France,fr,open,,,,,,,2005,payant:1653;gratuit:1149;total:2802;label-date:01/02/2003,label:musee de france,,,,
2718301,581537349,Musée des instruments à vent,,D 833,27750,La Couture-Boussey,France,fr,open,48.897542200000004,1.4077339068504382,,,,,2005,payant:1783;gratuit:820;total:2603;label-date:01/02/2003,label:musee de france,,Q3330251,,
2746701,182904946,Musée Alfred Canel,64,Rue de la République,27500,Pont-Audemer,France,fr,open,49.3566785,0.5159406375,,,,,2005,payant:1165;gratuit:1847;total:3012;label-date:01/02/2003,label:musee de france,,,,
7605701,,Musée Municipal,,,,BARENTIN,France,fr,closed,,,,,,,2005,payant:0;gratuit:0;total:;label-date:01/02/2003,label:musee de france,,,,
7616402,2382698870,Maison des Templiers,,Rue Thomas Bazin,76490,Rouen,France,fr,open,49.5253513,0.7258829,,,,,2005,payant:400;gratuit:2100;total:2500;label-date:01/02/2003,label:musee de france,,,,
7635102,,Abbaye de Graville - Musée du Prieuré de Graville,,,,LE HAVRE,France,fr,open,,,,,,,2005,payant:3741;gratuit:1190;total:4931;label-date:01/02/2003,label:musee de france,,,,
7647301,,Ecomusée de la Basse-Seine,,,,NOTRE-DAME-DE-BLIQUETUIT,France,fr,open,,,,,,,2005,payant:32588;gratuit:0;total:32588;label-date:01/02/2003,label:musee de france,,,,
7654003,64181527,Musée des Beaux-Arts,,Esplanade Marcel Duchamp,76000,Rouen,France,fr,open,49.44473675,1.0945818804156213,http://mbarouen.fr,+33 2 35 71 28 40,,,2005,payant:1996;gratuit:4842;total:6838;label-date:01/02/2003,label:musee de france,,Q3086934,,
4406901,,Musée du Pays de Guérande et de la Porte Saint Michel,,,,GUERANDE,France,fr,open,,,,,,,2005,payant:17095;gratuit:5151;total:22246;label-date:01/02/2003,label:musee de france,,,,
4417701,79384224,Musée du Vignoble Nantais,,Rue Pierre Abélard,44330,Le Pallet,France,fr,open,47.1344821,-1.3300319377837853,,,,,2005,payant:4027;gratuit:1685;total:5712;label-date:01/02/2003,label:musee de france,,,,
4900701,126965407,Musée des Beaux-Arts,14,Rue du Musée,49100,Angers,France,fr,open,47.4689171,-0.5545021308806701,,,,,2005,payant:24896;gratuit:58872;total:83768;label-date:06/01/2002,label:musee de france,,,,
4900704,126960360,Galerie David d'Angers,33 bis,Rue Toussaint,49100,Angers,France,fr,open,47.4691385,-0.5558234662698396,,,,,2005,payant:6804;gratuit:16266;total:23070;label-date:06/01/2002,label:musee de france,,,,
4909904,1301987143,Musée du Textile,,Avenue Marcel Cauchy,49300,Cholet,France,fr,open,47.0681455,-0.8982604,,,,,2005,payant:4923;gratuit:6860;total:11783;label-date:06/04/2002,label:musee de france,,,,
4929201,2427017251,Musée de la Vigne et du Vin d'Anjou,,Rue de la Coudraye,49750,Angers,France,fr,open,47.2999784,-0.6335965,,,,,2005,payant:4259;gratuit:2077;total:6336;label-date:17/06/2002,label:musee de france,,,,
5314701,1934021701,Musée du Château de Mayenne,,Quai Carnot,53100,Mayenne,France,fr,closed,48.3028395,-0.6179027,,,,,2005,payant:0;gratuit:0;total:;label-date:01/02/2003,label:musee de france,,,,
7226901,7856651558,Musée,,Rue de la République,80000,Amiens,France,fr,closed,49.8902852,2.2958703,,,,,2005,payant:0;gratuit:0;total:;label-date:01/02/2003,label:musee de france,,,,
8508701,620726971,Centre Minier de Faymoreau,,Rue de la Cour,85240,Faymoreau,France,fr,open,46.55511285,-0.6311954483215672,,,,,2005,payant:20633;gratuit:6108;total:26741;label-date:01/02/2003,label:musee de france,,,,
8514601,76083845,Pavillon des Nourrices,,Place de l'Hôtel de Ville,85600,Montaigu,France,fr,closed,46.974196,-1.3132451686989501,,,,,2005,payant:0;gratuit:0;total:;label-date:01/02/2003,label:musee de france,,,,
8515401,,Musée Clemenceau et de Lattre-de-Tassigny,,,,MOUILLERON-EN-PAREDS,France,fr,open,,,,,,,2005,payant:1840;gratuit:1008;total:2848;label-date:06/01/2002,label:musee de france,,,,
8516301,,Musée de la Construction Navale Artisanale,,,,NOIRMOUTIER EN L'ILE,France,fr,open,,,,,,,2005,payant:6550;gratuit:826;total:7376;label-date:01/02/2003,label:musee de france,,,,
8522601,,Musée La Bourrine du Bois-Juquaud,,,,SAINT-HILAIRE-DE-RIEZ,France,fr,open,,,,,,,2005,payant:9774;gratuit:11501;total:21275;label-date:2004-06-15 00:00:00,label:musee de france,,,,
0216801,5425520722,Musée Jean de la Fontaine,,Rue Jean De La Fontaine,02400,Château-Thierry,France,fr,open,49.0467222,3.4001157,,,,,2005,payant:7057;gratuit:3676;total:10733;label-date:01/02/2003,label:musee de france,,,,
0217301,2403483347,Musée du Noyonnais,,Rue de l'Évéché,60400,Noyon,France,fr,open,49.5815691,3.0004427,,,,,2005,payant:0;gratuit:2750;total:2750;label-date:01/02/2003,label:musee de france,,Q16335744,,
6015901,1789074264,Musée du Château de Compiègne,,Place du Général de Gaulle,60200,Compiègne,France,fr,open,49.4188454,2.830196,,,,,2005,payant:41505;gratuit:55467;total:96972;label-date:06/01/2002,label:musee de france,,,,
6015903,105680987,Musée d'art et d'histoire Antoine Vivenel,,Rue de la Baguette,60200,Compiègne,France,fr,open,49.417504449999996,2.8211998626844323,,,,,2005,payant:0;gratuit:0;total:;label-date:06/01/2002,label:musee de france,,Q3329058,,
6061202,142255492,Musée d'Art et d'Archéologie,,Place Notre-Dame,60300,Senlis,France,fr,open,49.2064225,2.5866285006288354,,,,,2005,payant:6353;gratuit:4014;total:10367;label-date:01/02/2003,label:musee de france,,,,
6061203,5357724995,Musée de la Vénerie,,Place Saint-Maurice,60300,Senlis,France,fr,open,49.2072693,2.5833865,,,,,2005,payant:603;gratuit:4867;total:5470;label-date:01/02/2003,label:musee de france,,,,
1601501,,Musée des Beaux-Arts,,,,ANGOULEME,France,fr,closed,,,,,,,2005,payant:0;gratuit:0;total:;label-date:01/02/2003,label:musee de france,,,,
1729904,90808269,Musée National de la Marine,,Rue Amiral Meyer,17300,Rochefort,France,fr,open,45.9423,-0.9649527857142841,,,,,2005,payant:14680;gratuit:6484;total:21164;label-date:06/01/2002,label:musee de france,,,,
1729903,90816483,Musée d'Art et d'Histoire,63-65,Avenue Charles de Gaulle,17300,Rochefort,France,fr,closed,45.93581045,-0.9626472956666667,,,,,2005,payant:0;gratuit:0;total:;label-date:28/03/2002,label:musee de france,,,,
1741502,136636544,Musée du Présidial,,Rue André Lemoyne,17100,Saintes,France,fr,open,45.746601749999996,-0.6320098487431683,,,,,2005,payant:515;gratuit:2462;total:2977;label-date:01/02/2003,label:musee de france,,,,
1736901,4200451910,Musée Ernest Cognacq,,Avenue Victor Bouthillier,17410,Saint-Martin-de-Ré,France,fr,closed,46.2054197,-1.3652403,,,,,2005,payant:0;gratuit:0;total:;label-date:01/02/2003,label:musee de france,,,,
8606602,2541482016,Hôtel Sully,,Rue du Vieux Palais,86100,Châtellerault,France,fr,open,46.8158293,0.5419934,,,,,2005,payant:365;gratuit:27;total:392;label-date:01/02/2003,label:musee de france,,,,
0401901,5820118153,Musée de la vallée,,D 25,04530,Les Prats,France,fr,open,44.5154275,6.7524549,,,,,2005,payant:12328;gratuit:2634;total:14962;label-date:01/02/2003,label:musee de france,,,,
0602902,2824215844,Musée de la Mer,,Allée des Eucalyptus,06407,Cannes,France,fr,open,43.523904,7.0453202,,,,,2005,payant:40429;gratuit:28622;total:69051;label-date:01/02/2003,label:musee de france,,,,
0606901,67332571,Villa-Musée Jean-Honoré Fragonard,,Impasse Fragonard,06130,Grasse,France,fr,open,43.656642649999995,6.921149488843463,,,,,2005,payant:2774;gratuit:1197;total:3971;label-date:01/02/2003,label:musee de france,,,,
0608808,578023554,Musée du Palais Lascaris,15,Rue Droite,06300,Nice,France,fr,open,43.6974774,7.2772468,,,,,2005,payant:0;gratuit:58953;total:58953;label-date:01/02/2003,label:musee de france,,,,
0609801,149921556,Ecomusée du Pays de la Roudoule,,Placette de l'Europe,06260,Puget-Rostang,France,fr,open,43.9741388,6.918903152040816,,,,,2005,payant:1944;gratuit:3502;total:5446;label-date:01/02/2003,label:musee de france,,,,
1300102,88614075,Hôtel d'Estienne de Saint-Jean,,Rue des Bremondis,13626,Aix-en-Provence,France,fr,open,43.530754849999994,5.447239307551794,,+33 4 42 91 89 78,,,2005,payant:7498;gratuit:6582;total:14080;label-date:01/02/2003,label:musee de france;label:monuments-historiques;type:monument-historique,,Q3145725,M0898,PA00081031
1300107,86887992,Muséum d'Histoire Naturelle,166,Avenue Jean Monnet,13090,Aix-en-Provence,France,fr,open,43.5333952,5.4236948895737775,,,,,2005,payant:11650;gratuit:20041;total:31691;label-date:06/01/2002,label:musee de france,,,,
1300106,,Musée Paul Arbaud,,,,AIX-EN-PROVENCE,France,fr,open,,,,,,,2005,payant:1261;gratuit:0;total:1261;label-date:01/02/2003,label:musee de france,,,,
1300405,5944281,Musée départemental Arles antique,,Avenue Jean Monnet,13200,Arles,France,fr,open,43.6727255,4.616514831816822,,+33 4 13 31 51 03,,,2005,payant:18147;gratuit:52973;total:71120;label-date:01/02/2003,label:musee de france,,Q1955741,,
1305001,53278966,Musée des Amis du Vieux Lambesc,4,Rue du Jas,13410,Lambesc,France,fr,open,43.651854,5.2617514637076,,,,,2005,payant:437;gratuit:130;total:567;label-date:01/02/2003,label:musee de france,,,,
1305506,76469,Marseille,,,13000,Marseille,France,fr,open,43.2961743,5.3699525,,,,,2005,payant:0;gratuit:0;total:;label-date:01/02/2003,label:musee de france,,Q23482,,
1305504,178808268,Musée des Docks Romains,,Place Vivaux,13002,Marseille,France,fr,open,43.29679,5.368048871902269,,,,,2005,payant:2397;gratuit:7103;total:9500;label-date:01/02/2003,label:musee de france,,,,
1320401,68976388,Musée des Beaux-Arts de Marseille,,Rue Édouard Stéphan,13004,Marseille,France,fr,open,43.304596450000005,5.394039596087057,,,,,2005,payant:4944;gratuit:9041;total:13985;label-date:06/01/2002,label:musee de france,,,,
1305505,2499522058,Musée d'Histoire de Marseille,,Square Belsunce,13001,Marseille,France,fr,open,43.2975573,5.3756864,,,,,2005,payant:10981;gratuit:24578;total:35559;label-date:01/02/2003,label:musee de france,,,,
1320801,168685674,Musée des Civilisations de l'Europe et de la Méditerranée,7,Promenade Robert Laffont,13002,Marseille,France,fr,open,43.29672875,5.361025473368164,http://www.mucem.org/,+33 4 84 35 13 13,,reservation@mucem.org,2005,payant:3405;gratuit:9565;total:12970;label-date:01/02/2003,label:musee de france,,Q2808698,,
1320691,168685674,Musée des Civilisations de l'Europe et de la Méditerranée,7,Promenade Robert Laffont,13002,Marseille,France,fr,open,43.29672875,5.361025473368164,http://www.mucem.org/,+33 4 84 35 13 13,,reservation@mucem.org,2005,payant:5909;gratuit:14118;total:20027;label-date:01/02/2003,label:musee de france,,Q2808698,,
1305503,154561855,Musée Borély,,Avenue Clot Bey,13008,Marseille,France,fr,closed,43.2573485,5.381981791666665,,,,,2005,payant:0;gratuit:0;total:;label-date:01/02/2003,label:musee de france,,,,
0506101,1255767096,Musée Départemental des Hautes-Alpes,,Avenue du Maréchal Foch,05000,Gap,France,fr,open,44.5622653,6.0858366,,,,,2005,payant:1712;gratuit:14397;total:16109;label-date:01/02/2003,label:musee de france,,,,
8301901,,Musée des Arts et d’Histoire,,,,BORMES-LES-MIMOSAS,France,fr,open,,,,,,,2005,payant:0;gratuit:0;total:;label-date:01/02/2003,label:musee de france,,,,
8313704,842473302,Musée National de la Marine de Toulon,,Sortie de l'Arsenal,83800,Toulon,France,fr,open,43.12182215,5.928354983793765,,,,,2005,payant:15333;gratuit:12768;total:28101;label-date:06/01/2002,label:musee de france,,,,
8403501,5111377213,Musée juif comtadin,,Rue Hébraïque,84300,Cavaillon,France,fr,open,43.8371707,5.0385983,,,,,2005,payant:3293;gratuit:3390;total:6683;label-date:01/02/2003,label:musee de france,,,,
8413901,694831616,Musée de la Liberté,,Chemin de la Fontaine de Vaucluse,84800,Fontaine-de-Vaucluse,France,fr,open,43.9220356,5.1302755,https://www.vaucluse.fr/culture-et-patrimoine/les-musees-departementaux/le-musee-d-histoire-jean-garcin-39-45-a-fontaine-de-vaucluse-865.html,+33 4 90 20 24 00,,,2005,payant:2984;gratuit:0;total:2984;label-date:01/02/2003,label:musee de france,,,M1180,
0121801,210386723,Musée du Bugey-Valromey,,Impasse de la Forge,01260,Belley,France,fr,open,45.9296855,5.7266927293314165,http://patrimoines.ain.fr/n/musee-du-bugey-valromey/n:970,+33 4 79 87 52 23,,,2005,payant:4211;gratuit:298;total:4509;label-date:01/02/2003,label:musee de france,,,M0967,
0126901,138473284,Musée de la Résistance et de la Déportation de l'Ain,3,Montée de l'Abbaye,01130,Nantua,France,fr,open,46.1525,5.60827747048556,,,,,2005,payant:7743;gratuit:689;total:8432;label-date:01/02/2003,label:musee de france,,,,
0129001,50265723,Musée du Vieux Pérouges,,Place du Tilleul,01800,Pérouges,France,fr,open,45.903389,5.179223907398141,,,,,2005,payant:12560;gratuit:1255;total:13815;label-date:01/02/2003,label:musee de france,,,,
0138301,,Musée Louis Jourdan,,,,SAINT-PAUL-DE-VARAX,France,fr,closed,,,,,,,2005,payant:0;gratuit:0;total:;label-date:01/02/2003,label:musee de france,,,,
0701001,4424167099,Musée Vivarois César Filhol,15,Rue Jean-Baptiste Bechetoille,07100,Annonay,France,fr,open,45.2408002,4.6680351,,,,,2005,payant:615;gratuit:1488;total:2103;label-date:01/02/2003,label:musee de france,,,,
0731601,68332777,Musée Archéologique,,Rue des Ruines,07130,Soyons,France,fr,open,44.8879269,4.850776295600438,https://www.soyons.fr/le-musee,,,,2005,payant:9053;gratuit:1650;total:10703;label-date:01/02/2003,label:musee de france,,,,
2611301,145189774,Musée d'Histoire et d'Archéologie,2,Rue Noé,56000,Vannes,France,fr,open,47.6568685,-2.7579838224637703,,,,,2005,payant:1106;gratuit:1237;total:2343;label-date:01/02/2003,label:musee de france,,,,
2619801,3847795321,Musée d'Art conteporain Saint Martin,,Place Saint-Martin,26200,Montélimar,France,fr,open,44.5622891,4.7528529,,,,,2005,payant:11481;gratuit:0;total:11481;label-date:30/01/2003,label:musee de france,,,,
2636401,,Musée du site Préhistorique,,,,VASSIEUX-EN-VERCORS,France,fr,open,,,,,,,2005,payant:16318;gratuit:0;total:16318;label-date:01/02/2003,label:musee de france,,,,
7401001,4891589833,Musée-château d'Annecy,,Rampe du Château,74000,Annecy,France,fr,open,45.8976583,6.1260527,,,,,2005,payant:41575;gratuit:46526;total:88101;label-date:01/02/2003,label:musee de france,,,,
7405601,97313427,Musée Alpin,,Rue de la Tournette,74400,Chamonix-Mont-Blanc,France,fr,open,45.924025099999994,6.871257449784508,,,,,2005,payant:20028;gratuit:6779;total:26807;label-date:01/02/2003,label:musee de france,,,,
3808201,,Musée - Parc Archéologique du Lac de Paladru,,,,CHARAVINES,France,fr,open,,,,,,,2005,payant:10871;gratuit:0;total:10871;label-date:01/02/2003,label:musee de france,,,,
3818505,5107373,Musée de Grenoble,,Voie de Corato,38000,Grenoble,France,fr,open,45.1949735,5.732253035706579,,,,,2005,payant:144401;gratuit:0;total:144401;label-date:06/01/2002,label:musee de france,,,,
3818502,1102624,Musée Dauphinois,30,Rue Maurice Gignoux,38031,Grenoble,France,fr,open,45.19514890000001,5.727071788552173,,,,,2005,payant:0;gratuit:52344;total:52344;label-date:01/02/2003,label:musee de france,,,,
3854403,2675390826,Musée des Beaux-Arts et d'Archéologie,,Place Miremont,38200,Vienne,France,fr,open,45.5239956,4.8748576,,,,,2005,payant:1197;gratuit:2033;total:3230;label-date:01/02/2003,label:musee de france,,,,
4205203,2959298116,Musée Hospitalier,,Rue Jean Morel,42190,Charlieu,France,fr,open,46.159575,4.1712806,,,,,2005,payant:3286;gratuit:675;total:3961;label-date:01/02/2003,label:musee de france,,,,
4209401,346317680,Musée d'Archéologie,,Rue Victor de Laprade,42110,Feurs,France,fr,open,45.7442509,4.2195524,,,,,2005,payant:849;gratuit:3427;total:4276;label-date:01/02/2003,label:musee de france,,,,
4221901,224220352,Château de la Bastie d'Urfé,,Route de la Batie D'urfe,42130,Saint-Étienne-le-Molard,France,fr,open,45.72759345,4.078354343331679,,,,,2005,payant:12461;gratuit:0;total:12461;label-date:01/02/2003,label:musee de france,,,,
6938701,26131828,Centre d'Histoire de la Résistance et de la Déportation,,Rue Étienne Rognon,69007,Lyon,France,fr,open,45.7464306,4.8359519,,,,,2005,payant:17637;gratuit:43024;total:60661;label-date:01/02/2003,label:musee de france,,,,
6938101,62277312,Musée d'Art Contemporain de Lyon,,Allée Achille Lignon,69006,Lyon,France,fr,open,45.7842186,4.852469746082954,,,,,2005,payant:146087;gratuit:0;total:146087;label-date:01/02/2003,label:musee de france,,,,
6916801,,Musée Henri Malartre,,,,ROCHETAILLEE-SUR-SAONE,France,fr,open,,,,,,,2005,payant:43240;gratuit:0;total:43240;label-date:01/02/2003,label:musee de france,,,,
6923501,131339006,Musée Gallo-Romain de Saint-Romain-en-Gal,,D 502,69560,Saint-Romain-en-Gal,France,fr,open,45.5291012,4.870453852740197,http://musee-site.rhone.fr/,+33 4 74 53 74 00,,,2005,payant:21649;gratuit:51832;total:73481;label-date:01/02/2003,label:musee de france,,Q22968221,,
7300801,79376440,Musée du docteur Faure,,Boulevard des Côtes,73100,Aix-les-Bains,France,fr,open,45.6925521,5.915906815022636,,,,,2005,payant:5666;gratuit:3828;total:9494;label-date:01/02/2003,label:musee de france,,,,
7305401,5858569185,Musée des Minéraux Alpins,,Rue des Vergers,73700,Bourg-Saint-Maurice,France,fr,closed,45.6178322,6.7704898,,,,,2005,payant:0;gratuit:0;total:;label-date:01/02/2003,label:musee de france,,,,
6737201,158554855,Musée de l'Image Populaire de Pfaffenhoffen,,Rue du Docteur Albert Schweitzer,67350,Haguenau-Wissembourg,France,fr,open,48.84483,7.6115728636419755,,,,,2005,payant:2680;gratuit:766;total:3446;label-date:2002-09-07 00:00:00,label:musee de france,,,,
6738801,,Musée du Fer,,,,REICHSHOFFEN,France,fr,open,,,,,,,2005,payant:1003;gratuit:126;total:1129;label-date:01/02/2003,label:musee de france,,,,
6748202,239825772,Musée Archéologique,,Rue du Bain-aux-Roses,67065,Strasbourg,France,fr,open,48.5808521,7.7525857,,,,,2005,payant:18480;gratuit:34447;total:52927;label-date:06/01/2002,label:musee de france,,,,
6748205,222359,Cabinet des Estampes et des Dessins,,Passage Hans Haug,67065,Strasbourg,France,fr,closed,48.58102195,7.750841658661065,,,,,2005,payant:0;gratuit:0;total:;label-date:01/02/2003,label:musee de france,,,,
6806601,1265125753,Musée d'Unterlinden,,Place Unterlinden,68000,Colmar,France,fr,open,48.0798635,7.3555565,,,,,2005,payant:173681;gratuit:29813;total:203494;label-date:01/02/2003,label:musee de france,,,,
6814901,,Musée Historique et Militaire de Huningue,,,,HUNINGE,France,fr,open,,,,,,,2005,payant:512;gratuit:0;total:512;label-date:01/02/2003,label:musee de france,,,,
6822403,449007880,Musée National de l'Automobile - Collection Schlumpf,,Autodrome du Musée de l'Automobile,68100,Mulhouse,France,fr,open,47.7612848,7.327971551196445,,,,,2005,payant:150665;gratuit:37247;total:187912;label-date:01/02/2003,label:musee de france,,,,
6822409,449007880,Cité de l’Automobile,,Autodrome du Musée de l'Automobile,68100,Mulhouse,France,fr,open,47.7612848,7.327971551196445,https://www.citedelautomobile.com/,+33 3 89 33 23 23,,message@collection-schlumpf.com,2005,payant:0;gratuit:1025;total:1025;label-date:01/02/2003,label:musee de france,,Q867719,,
6827702,1138681,Musée du Dolder,16,Rue du Général de Gaulle,68340,Riquewihr,France,fr,open,48.166885,7.298560434089087,,,,,2005,payant:5679;gratuit:513;total:6192;label-date:01/02/2003,label:musee de france,,,,
6827801,1936849476,Musée du Papier Peint,28,Rue Zuber,68170,Rixheim,France,fr,open,47.7444268,7.3972851,,,,,2005,payant:7588;gratuit:2191;total:9779;label-date:01/02/2003,label:musee de france,,,,
2415201,4364598320,Musée Paul Reclus,,Rue Paul Reclus,24250,Domme,France,fr,open,44.8028038,1.2138053,,,,,2005,payant:0;gratuit:15300;total:15300;label-date:01/02/2003,label:musee de france,,,,
2432202,75346425,Musée Vesunna,,Rue 26e Régiment d'Infanterie,24000,Périgueux,France,fr,open,45.179478599999996,0.7132096320585205,http://www.perigueux-vesunna.fr,+33 5 53 53 00 92,,,2005,payant:1529;gratuit:1174;total:2703;label-date:01/02/2003,label:musee de france,,Q3329383,M1188,
3305701,,Musée Municipal de Blasimon,,,,BLASIMON,France,fr,closed,,,,,,,2005,payant:0;gratuit:0;total:;label-date:01/02/2003,label:musee de france,,,,
3306309,79979931,Centre National Jean Moulin,,Place Jean Moulin,33000,Bordeaux,France,fr,open,44.83869155,-0.5776727923278906,,,,,2005,payant:0;gratuit:23361;total:23361;label-date:01/02/2003,label:musee de france,,,,
3306701,,Musée de la Voiture à Cheval,,,,BOURG-SUR-GIRONDE,France,fr,open,,,,,,,2005,payant:0;gratuit:0;total:;label-date:01/02/2003,label:musee de france,,,,
4004601,1508590127,Musée Historique de l'Hydravion,,Rue Louis Bréguet,40600,Biscarrosse,France,fr,open,44.3892176,-1.1816658,,,,,2005,payant:14044;gratuit:1681;total:15725;label-date:01/02/2003,label:musee de france,,,,
4019401,5825921907,Musée de la Chalosse,118,Avenue de la Gare,40380,Montfort-en-Chalosse,France,fr,open,43.7121874,-0.8378504,,,,,2005,payant:6898;gratuit:2403;total:9301;label-date:01/02/2003,label:musee de france,,,,
4028701,26246232,Allée du Musée,,Allée du Musée,40460,Sanguinet,France,fr,open,44.4825995,-1.0754788,,,,,2005,payant:1639;gratuit:217;total:1856;label-date:01/02/2003,label:musee de france,,,,
4700101,,Musée des Beaux-Arts,,,,AGEN,France,fr,open,,,,,,,2005,payant:11723;gratuit:9275;total:20998;label-date:01/02/2003,label:musee de france,,,,
6410201,631661850,Musée Basque et de l'Histoire de Bayonne,37,Quai des Corsaires,64100,Bayonne,France,fr,open,43.4910854,-1.473799,,,,,2005,payant:20953;gratuit:9185;total:30138;label-date:01/02/2003,label:musee de france,,,,
6444503,6815484814,Musée,,Rue Mathieu Lalanne,64000,Pau,France,fr,open,43.2977315,-0.3645267,,,,,2005,payant:57717;gratuit:41846;total:99563;label-date:06/01/2002,label:musee de france,,,,
6311305,67015490,Musée d'Art Roger Quilliot,,Place Louis Deteix,63100,Clermont-Ferrand,France,fr,open,45.79392705,3.1162223146769588,https://www.clermontmetropole.eu/bouger-se-divertir/le-dynamisme-culturel/les-musees-de-clermont-auvergne-metropole/marq-musee-dart-roger-quilliot/,+33 4 43 76 25 25,,,2005,payant:3671;gratuit:19559;total:23230;label-date:01/02/2003,label:musee de france,,Q1495869,M0121,
6311303,67552132,Muséum d'Histoire Naturelle Henri-Lecoq,15,Rue Bardoux,63000,Clermont-Ferrand,France,fr,open,45.774145950000005,3.0884366874758022,,,,,2005,payant:3364;gratuit:23116;total:26480;label-date:06/01/2002,label:musee de france,,,,
6321101,798314887,Musée des Pénitents Blancs,,Place de l'Église,63940,Marsac-en-Livradois,France,fr,open,45.4787455,3.7287661,,,,,2005,payant:225;gratuit:0;total:225;label-date:01/02/2003,label:musee de france,,,,
6322301,7638286185,Arboretum de la forêt de Brosse,,D 508,63560,Neuf-Église,France,fr,open,46.1202255,2.8584098,,,,,2005,payant:965;gratuit:73;total:1038;label-date:01/02/2003,label:musee de france,,,,
2100801,,Musée Alésia,,,,ALISE-SAINTE-REINE,France,fr,open,,,,,,,2005,payant:4178;gratuit:659;total:4837;label-date:01/02/2003,label:musee de france,,,,
2158401,1870447615,Musée François Pompon,,Place Docteur Roclore,21210,Saulieu,France,fr,open,47.2796264,4.2298054,http://www.saulieu.fr/tp.htm,+33 3 80 64 19 51,,,2005,payant:3357;gratuit:1412;total:4769;label-date:01/02/2003,label:musee de france,,,M0146,
2160301,1785218940,Musée Municipal,,Impasse de l'Ancienne Comédie,21140,Semur-en-Auxois,France,fr,open,47.4902772,4.3344776,,,,,2005,payant:1665;gratuit:2460;total:4125;label-date:01/02/2003,label:musee de france,,,,
5807901,2627307760,Musée d'Art et d'Histoire Romain Rolland,,Avenue de la République,58500,Clamecy,France,fr,open,47.4603634,3.5204872,,,,,2005,payant:1875;gratuit:3687;total:5562;label-date:01/02/2003,label:musee de france,,,,
5805901,,Musée Municipal,,,,LA CHARITE-SUR-LOIRE,France,fr,open,,,,,,,2005,payant:349;gratuit:0;total:349;label-date:01/02/2003,label:musee de france,,,,
7101402,2380355755,Musée Rolin,,Place Saint-Louis,71400,Autun,France,fr,open,46.9456553,4.2993665,,,,,2005,payant:16232;gratuit:4905;total:21137;label-date:01/02/2003,label:musee de france,,,,
7127001,700244362,Musée des Ursulines,,Rue des Ursulines,71000,Saint-Clément,France,fr,open,46.307027,4.833142197130883,,,,,2005,payant:2459;gratuit:7090;total:9549;label-date:01/02/2003,label:musee de france,,,,
7127002,700244362,Musée Lamartine,,Rue des Ursulines,71000,Saint-Clément,France,fr,open,46.307027,4.833142197130883,,,,,2005,payant:1469;gratuit:1965;total:3434;label-date:01/02/2003,label:musee de france,,,,
7134201,121382168,Musée Eucharistique du Hiéron,13,Rue de la Paix,71600,Paray-le-Monial,France,fr,open,46.45203975,4.12306320795283,,,,,2005,payant:1895;gratuit:3179;total:5074;label-date:01/02/2003,label:musee de france,,,,
7127201,6575800688,Musée Départemental du Compagnonnage,,Rue Pierre François Guillon,71570,Romanèche-Thorins,France,fr,open,46.1880514,4.733891,,,,,2005,payant:2049;gratuit:1099;total:3148;label-date:01/02/2003,label:musee de france,,,,
7154301,7419064527,Hôtel Dieu - Musée Greuze,,Rue de l'Hôpital,71700,Tournus,France,fr,open,46.5619544,4.9109248,,,,,2005,payant:11580;gratuit:3895;total:15475;label-date:01/02/2003,label:musee de france,,,,
8944601,2628533133,Musée Zervos - Maison Romain Rolland,,,89450,Vézelay,France,fr,closed,47.4638215,3.743302,,,,,2005,payant:0;gratuit:0;total:;label-date:01/02/2003,label:musee de france,,,,
2227801,78123314,Musée d'Art et d'Histoire,,Cour Francis Renaud,22000,Saint-Brieuc,France,fr,open,48.51234775,-2.7619036982498804,,,,,2005,payant:0;gratuit:53040;total:53040;label-date:01/02/2003,label:musee de france,,,,
2915101,2628944132,Musée de Morlaix,,Hameau des Rochers,29410,Le Cloître-Saint-Thégonnec,France,fr,open,48.4797924,-3.7964981,,,,,2005,payant:8068;gratuit:14235;total:22303;label-date:01/02/2003,label:musee de france,,,,
2922001,,Musée Bigouden,,,,PONT-L'ABBE,France,fr,open,,,,,,,2005,payant:12974;gratuit:3260;total:16234;label-date:01/02/2003,label:musee de france,,,,
3528802,,Musée d'Histoire de la Ville de Saint-Malo,,,,SAINT-MALO,France,fr,open,,,,,,,2005,payant:19971;gratuit:5818;total:25789;label-date:01/02/2003,label:musee de france,,,,
3536002,92884430,Musée du Château de Vitré,,Rue du Rachapt,35500,Vitré,France,fr,open,48.1260135,-1.2166992529105425,,,,,2005,payant:23551;gratuit:5565;total:29116;label-date:01/02/2003,label:musee de france,,,,
5626003,,"La Cohue, Musée des Beaux-Arts de vannes",,,,VANNES,France,fr,open,,,,,,,2005,payant:8368;gratuit:7106;total:15474;label-date:01/02/2003,label:musee de france,,,,
1827901,622149606,Musée Laumônier de la locomotive à vapeur,,Rue de la Société Française,18100,Vierzon,France,fr,open,47.2249147,2.0602204,,,,,2005,payant:0;gratuit:2095;total:2095;label-date:01/02/2003,label:musee de france,,,,
2808503,,Musée des Beaux-Arts,,,,CHARTRES,France,fr,open,,,,,,,2005,payant:7133;gratuit:9669;total:16802;label-date:01/02/2003,label:musee de france,,,,
2808801,,Musée des Beaux-Arts et d'Histoire Naturelle,,,,CHATEAUDUN,France,fr,open,,,,,,,2005,payant:6820;gratuit:0;total:6820;label-date:01/02/2003,label:musee de france,,,,
2828001,6528325404,Château Musée des Comtes du Perche,,Rue des Marches du Saint-Jean,28400,Nogent-le-Rotrou,France,fr,open,48.3143308,0.820474,http://www.ville-nogent-le-rotrou.fr/chateau-des-comtes-du-perche,+33 2 37 52 18 02,,musee@chateau-nogentlerotrou.fr,2005,payant:13207;gratuit:7031;total:20238;label-date:01/02/2003,label:musee de france,,,,
3711501,65229447,"""""""Maison Musée"""" René Descartes""",29,Rue Descartes,37160,Descartes,France,fr,closed,46.972620899999995,0.6999355493597434,,,,,2005,payant:0;gratuit:0;total:;label-date:01/02/2003,label:musee de france,,,,
3724801,1935506460,"Musée Rabelais, Maison La Devinière",,Rue de La Devinière,37500,Seuilly,France,fr,open,47.1405133,0.1784807,http://www.monuments-touraine.fr,+33 2 47 95 91 18,,,2005,payant:14449;gratuit:0;total:14449;label-date:30/04/2002,label:musee de france,,Q3329324,M0264,
4113601,86513731,Musée de la villa Montebello,,Rue du Général Leclerc,14360,Trouville-sur-Mer,France,fr,open,49.3713839,0.08430517462516637,https://www.trouville.fr/MuseeVillaMontebello/,+33 2 31 88 51 33,,,2005,payant:917;gratuit:0;total:917;label-date:01/02/2003,label:musee de france;label:monuments-historiques;type:monument-historique,,Q3329757,M0671,PA00111769
4119401,106812759,Musée de Sologne,,Avenue François Mitterrand,41200,Romorantin-Lanthenay,France,fr,open,47.3558188,1.750180813971796,,,,,2005,payant:3845;gratuit:7708;total:11553;label-date:01/02/2003,label:musee de france,,,,
4508201,91175188,Musée de la Marine de Loire,,Allée de Lamballe,45110,Châteauneuf-sur-Loire,France,fr,open,47.864703,2.2173067297297298,,,,,2005,payant:9423;gratuit:5652;total:15075;label-date:01/02/2003,label:musee de france,,,,
4525201,224039110,Tramway de Pithiviers à Toury,,Rue Carnot,45300,Pithiviers,France,fr,closed,48.17477735,2.2434493018304966,,,,,2005,payant:0;gratuit:0;total:;label-date:01/02/2003,label:musee de france,,,,
0810501,91146071,Musée Arthur Rimbaud,,Passerelle du Mont Olympe,08000,Charleville-Mézières,France,fr,open,49.775734650000004,4.7220587026654695,,,,,2005,payant:12483;gratuit:0;total:12483;label-date:01/02/2003,label:musee de france,,,,
0819001,5206948616,Musée de Givet,,Petite Place,08600,Givet,France,fr,closed,50.1354162,4.8239007,,,,,2005,payant:0;gratuit:0;total:;label-date:01/02/2003,label:musee de france,,,,
0831101,1879820958,Musée du Feutre,,Rue Du Colombier,08210,Mouzon,France,fr,open,49.6060032,5.0749863,,,,,2005,payant:10985;gratuit:1280;total:12265;label-date:01/02/2003,label:musee de france,,,,
0840901,1874188907,Maison de la derniere Cartouche,,Avenue de la Dernière Cartouche,08140,Bazeilles,France,fr,open,49.6817859,4.9754729,http:///www.culture.gouv.fr/champagne-ardenne/2culture/musee_france/musee_bazeilles.html,+33 3 24 27 15 86,,,2005,payant:68208;gratuit:0;total:68208;label-date:01/02/2003,label:musee de france,,Q3279770,M0290,
1026101,,Musée de la Résistance,,,,MUSSY-SUR-SEINE,France,fr,open,,,,,,,2005,payant:101;gratuit:55;total:156;label-date:01/02/2003,label:musee de france,,,,
1038705,,Maison de l'Outil  et de la Pensée Ouvrière,,,,TROYES,France,fr,open,,,,,,,2005,payant:17060;gratuit:10848;total:27908;label-date:01/02/2003,label:musee de france,,,,
5212101,,Musée des Beaux-Arts et d'Archéologie,,,,CHAUMONT,France,fr,open,,,,,,,2005,payant:4082;gratuit:368;total:4450;label-date:01/02/2003,label:musee de france,,,,
5212102,6620521651,Musée de l'Affiche,1,Place Émile Goguenheim,52000,Chaumont,France,fr,closed,48.1105299,5.1354361,,,,,2005,payant:0;gratuit:0;total:;label-date:01/02/2003,label:musee de france,,,,
5145407,90739087,Musé Automobile Reims Champagne,,Rue Pepersack,51100,Reims,France,fr,open,49.2501522,4.0502149537009995,,,,,2005,payant:28720;gratuit:10294;total:39014;label-date:01/02/2003,label:musee de france,,Q15971985,,
2A00403,66274796,Musée Palais Fesch,50-52,Rue Cardinal Fesch,20000,Ajaccio,France,fr,open,41.9218958,8.738913555286306,,,,,2005,payant:28251;gratuit:9973;total:38224;label-date:01/02/2003,label:musee de france,,,,
2A14201,,Musée de l'Alta Rocca,,,,LEVIE,France,fr,open,,,,,,,2005,payant:1248;gratuit:0;total:1248;label-date:01/02/2003,label:musee de france,,,,
2A27201,130679624,Musée de Préhistoire Corse,,D 57,20140,Sollacaro,France,fr,closed,41.74514845,8.870637949999999,,,,,2005,payant:0;gratuit:0;total:;label-date:01/02/2003,label:musee de france,,,,
3901302,2637893946,Musée de la Vigne et du Vin,,Passage Saint-Vernier,39600,Arbois,France,fr,open,46.9035466,5.7751443,,,,,2005,payant:4427;gratuit:1485;total:5912;label-date:01/02/2003,label:musee de france,,,,
3919801,946483217,Musée des Beaux-Arts,,Rue des Arènes,39100,Dole,France,fr,open,47.0896386,5.4891469,,,,,2005,payant:0;gratuit:21646;total:21646;label-date:01/02/2003,label:musee de france,,,,
3933301,201412221,Musée du Jouet,5,Rue du Murgin,39260,Moirans-en-Montagne,France,fr,open,46.4325233,5.727012940707623,,,,,2005,payant:32954;gratuit:3774;total:36728;label-date:01/02/2003,label:musee de france,,,,
3943401,7554007745,Musée Municipal de Poligny,49,Grande Rue,39800,Poligny,France,fr,closed,46.8364264,5.708932,,,,,2005,payant:0;gratuit:0;total:;label-date:01/02/2003,label:musee de france,,,,
3950002,151950172,La Grande Saline - Musée du Sel,,Place des Salines,39110,Salins-les-Bains,France,fr,closed,46.9376405,5.8761571935790275,http://www.salinesdesalins.com,+33 3 84 73 10 92,,,2005,payant:0;gratuit:0;total:;label-date:01/02/2003,label:musee de france,,,M0353,
9712001,65841412,Musée Saint-John Perse,,Rue Nozières,97110,Pointe-à-Pitre,France,fr,closed,16.2364273,-61.53584126806761,,+590 105178,,,2005,payant:0;gratuit:0;total:;label-date:12/12/2002,label:musee de france;label:monuments-historiques;type:monument-historique,,Q3329337,M1062,PA00105868
9730101,2567248094,Ecomusée Municipal d'Approuague-Kaw,,Rue Gaston Monnerville,97390,Régina,France,fr,closed,4.3151512,-52.1285455,,,,,2005,payant:0;gratuit:0;total:;label-date:01/02/2003,label:musee de france,,,,
9122301,3407370497,Musée Volant Salis,,Chemin du Fourneou,91590,Cerny,France,fr,open,48.4959939,2.343302,http://www.musee-volant-salis.fr/,,,,2005,payant:629;gratuit:5612;total:6241;label-date:01/02/2003,label:musee de france,,,,
9202502,,"Musée des Transports Urbains, Interurbains et Ruraux",,,,COLOMBES,France,fr,closed,,,,,,,2005,payant:0;gratuit:0;total:;label-date:01/02/2003,label:musee de france,,,,
9202601,82241201,Musée Roybet Fould,178,Boulevard Saint-Denis,92400,Courbevoie,France,fr,open,48.90043675,2.2718533501517357,,,,,2005,payant:0;gratuit:10687;total:10687;label-date:01/02/2003,label:musee de france,,,,
7510503,83913793,Grande Galerie de l'Evolution (Muséum National d'Histoire Naturelle),,Rue Geoffroy Saint-Hilaire,75005,Paris,France,fr,open,48.8421055,2.356243821803625,,,,,2005,payant:378178;gratuit:176003;total:554181;label-date:06/01/2002,label:musee de france,,,,
7510502,7444,Paris,,,,Paris,France,fr,open,48.8566969,2.3514616,http://www.paris.fr,,,,2005,payant:18505;gratuit:6698;total:25203;label-date:06/01/2002,label:musee de france,,Q90,,
7510602,395785603,Musée National Eugène Delacroix,,Rue Jacob,75006,Paris,France,fr,open,48.85464155,2.335393670592886,,,,,2005,payant:21402;gratuit:21095;total:42497;label-date:06/01/2002,label:musee de france,,,,
7510603,64314872,Musée Hébert,,Rue Jean Ferrandi,75006,Paris,France,fr,closed,48.8473306,2.322685935644764,,,,,2005,payant:0;gratuit:0;total:;label-date:06/01/2002,label:musee de france,,,,
7510306,,"Musée Cognacq-Jay, Musée du XVIIIe siècle de la ville de Paris",,,,PARIS,France,fr,open,,,,,,,2005,payant:0;gratuit:38922;total:38922;label-date:08/07/2004,label:musee de france,,,,
7510301,156973373,Musée de la Chasse et de la Nature,62,Rue des Archives,75003,Paris,France,fr,closed,48.86125555,2.358782698354484,,,,,2005,payant:0;gratuit:0;total:;label-date:01/02/2003,label:musee de france,,,,
7510402,5918699678,Le Musée,,Rue Joliot-Curie,91190,Le Moulon,France,fr,open,48.7094092,2.1666145,,,,,2005,payant:2327336;gratuit:0;total:2327336;label-date:06/01/2002,label:musee de france,,,,
7733301,2177750355,Château-Musée de Nemours,,Cours du Château,77140,Nemours,France,fr,open,48.2655865,2.6970907,http://www.nemours.fr/culture-et-sport/le-chateau-musee,+33 1 64 28 27 42,,,2005,payant:3360;gratuit:25457;total:28817;label-date:01/02/2003,label:musee de france,,Q2970121,M0381,
9307001,12625911,Channel Islands Military Museum,,Route des Laveurs,JE3 7FQ,St. Ouen,Jersey,je,closed,49.2291856,-2.2343313,,,,,2005,payant:0;gratuit:0;total:;label-date:01/02/2003,label:musee de france,,,,
9542801,4459265327,Musée jean-Jacques Rousseau,,Rue du Mont Louis,95160,Montmorency,France,fr,open,48.9869805,2.3215161,,,,,2005,payant:1297;gratuit:1482;total:2779;label-date:01/02/2003,label:musee de france,,,,
7835601,823061902,Musée National de Port Royal des Champs,,Route Forestière de Font Couverte,78114,Trappes,France,fr,open,48.7479939,2.0152509,,,,,2005,payant:8345;gratuit:10237;total:18582;label-date:06/01/2002,label:musee de france,,,,
7838001,1280351055,Musée Victor Aubert,24,Rue Quincampoix,78580,Maule,France,fr,open,48.908778,1.84933,,,,,2005,payant:0;gratuit:1100;total:1100;label-date:01/02/2003,label:musee de france,,,,
7849802,38327851,Villa Savoye,82,Rue de Villiers,78300,Poissy,France,fr,closed,48.924420600000005,2.028297560090527,http://www.villa-savoye.fr,+33 1 39 65 01 06,,,2005,payant:0;gratuit:0;total:;label-date:01/02/2003,label:musee de france;label:monuments-historiques;type:monument-historique,,Q940746,,PA00087573
7855101,154883691,Musée Départemental Maurice Denis,2bis,Rue Maurice Denis,78100,Saint-Germain-en-Laye,France,fr,open,48.8925939,2.0868889919163913,,,,,2005,payant:25412;gratuit:0;total:25412;label-date:01/02/2003,label:musee de france,,,,
7855103,,Musée d'Archéologie Nationale (des origines à l'an mille) - Château de st-Germain-en-Laye,,,,SAINT-GERMAIN-EN-LAYE,France,fr,open,,,,,,,2005,payant:20976;gratuit:44949;total:65925;label-date:06/01/2002,label:musee de france,,,,
7857501,951328,Saint-Rémy-lès-Chevreuse,,,78470,Saint-Rémy-lès-Chevreuse,France,fr,open,48.7054888,2.071109,,,,,2005,payant:6545;gratuit:1010;total:7555;label-date:01/02/2003,label:musee de france,,Q794124,,
7864601,1482437177,Musée Lambinet,,Boulevard de la Reine,78000,Versailles,France,fr,open,48.8087784,2.1305005,,,,,2005,payant:9960;gratuit:1446;total:11406;label-date:01/02/2003,label:musee de france,,,,
1126202,92058703,Musée Lapidaire,,Rue des Jacobins,11100,Narbonne,France,fr,open,43.1809595,3.004147255208337,,,,,2005,payant:0;gratuit:0;total:;label-date:2002-06-13 00:00:00,label:musee de france;label:monuments-historiques;type:monument-historique,,Q3344678,,PA00102802
1137901,,Musée des Corbières,,,,SIGEAN,France,fr,open,,,,,,,2005,payant:0;gratuit:0;total:;label-date:01/02/2003,label:musee de france,,,,
3400301,4134270080,Musée Agathois,5,Rue de la Fraternité,34300,Agde,France,fr,open,43.3118294,3.4686196,,,,,2005,payant:3015;gratuit:2021;total:5036;label-date:01/02/2003,label:musee de france,,,,
3403901,277812836,Musée de l'Etang de Thau,,Chemin du Belvédère,34140,Bouzigues,France,fr,open,43.446872,3.6617685,,,,,2005,payant:17170;gratuit:0;total:17170;label-date:01/02/2003,label:musee de france,,,,
3410801,1964228636,Musée international des Arts modestes,27,Quai du Maréchal de Lattre de Tassigny,34200,Sète,France,fr,open,43.4060674,3.6961935,https://miam.org/,,,,2005,payant:0;gratuit:7500;total:7500;label-date:01/02/2003,label:musee de france,,Q3330617,,
3400302,1131132,Musée de l'Ephèbe,,Place du Père Marcel Astruc,34300,Agde,France,fr,open,43.2868906,3.5137320418987343,,,,,2005,payant:9738;gratuit:4231;total:13969;label-date:01/02/2003,label:musee de france,,,,
3414201,5835417743,Musée Fleury,,Rue du Cardinal Fleury,34700,Lodève,France,fr,open,43.7318449,3.31993,,,,,2005,payant:57058;gratuit:0;total:57058;label-date:01/02/2003,label:musee de france,,,,
3430101,2244412926,Musée Paul Valéry,,Rue François Desnoyer,34200,Sète,France,fr,open,43.3953827,3.6906637,,,,,2005,payant:4479;gratuit:9484;total:13963;label-date:01/02/2003,label:musee de france,,,,
4809501,,Musée Ignon Fabre,,,,MENDE,France,fr,closed,,,,,,,2005,payant:0;gratuit:0;total:;label-date:01/02/2003,label:musee de france,,,,
6605301,,Musée d'Art Moderne - Fonds Peskè,,,,COLLIOURE,France,fr,open,,,,,,,2005,payant:5381;gratuit:1288;total:6669;label-date:01/02/2003,label:musee de france,,,,
6613604,81558950,Muséum d'Histoire Naturelle,,Place Joseph Deloncle,66000,Perpignan,France,fr,open,42.69731995,2.8996247968495945,,,,,2005,payant:323;gratuit:3166;total:3489;label-date:01/02/2003,label:musee de france,,,,
8708501,70412845,Musée de l'Evêché,,Place de l'Évêché,,Limoges,France,fr,open,45.82801675,1.2663821963307735,,,,,2005,payant:0;gratuit:44991;total:44991;label-date:18/07/2002,label:musee de france,,,,
8712601,2861736187,Musée Départemental d'Art Contemporain,,Place du Château,87600,Rochechouart,France,fr,open,45.821447,0.8190893,,,,,2005,payant:7967;gratuit:4607;total:12574;label-date:01/02/2003,label:musee de france,,,,
5439504,,Palais des ducs de Lorraine - Musée Historique Lorrain,,,,NANCY,France,fr,open,,,,,,,2005,payant:37906;gratuit:48639;total:86545;label-date:01/02/2003,label:musee de france,,,,
5546701,6051104311,Musée Départemental Raymond Poincaré,14,Rue du Château,55300,Sampigny,France,fr,open,48.827556,5.5077794,,,,,2005,payant:200;gratuit:538;total:738;label-date:01/02/2003,label:musee de france,,,,
5550202,134231670,Musée de la Bière et du Pays de Stenay,17,Rue du Moulin,55700,Stenay,France,fr,open,49.488918999999996,5.186675922267025,,,,,2005,payant:8255;gratuit:4134;total:12389;label-date:24/02/2003,label:musee de france,,,,
5552701,608529050,Musée d'Argonne,,Ruelle du Promenade,55270,Varennes-en-Argonne,France,fr,open,49.22527795,5.031545268167998,,,,,2005,payant:2560;gratuit:0;total:2560;label-date:01/02/2003,label:musee de france,,,,
5771201,227335819,Musée Départemental Georges de la Tour,,Place Jeanne D'Arc,57630,Vic-sur-Seille,France,fr,open,48.781924000000004,6.531002917135707,,,,,2005,payant:6481;gratuit:6813;total:13294;label-date:01/02/2003,label:musee de france,,,,
8838301,5390940587,Musée Charles de Bruyères,,Rue Charles de Gaulle,88200,Remiremont,France,fr,open,48.0161212,6.593241,,,,,2005,payant:900;gratuit:4074;total:4974;label-date:11/08/2002,label:musee de france,,,,
9720902,4807601528,Musée Régional d'Histoire et d'Éthnographie,10,Boulevard Général de Gaulle,97200,Fort-de-France,France,fr,open,14.6063988,-61.0657667,,,,,2005,payant:2757;gratuit:1199;total:3956;label-date:01/02/2003,label:musee de france,,Q15818376,M1066,
9723101,,Musée de La Canne,,,,LES TROIS ILETS,France,fr,open,,,,,,,2005,payant:25479;gratuit:3988;total:29467;label-date:01/02/2003,label:musee de france,,,,
0916001,7228420483,Musée du Textile et du Peigne en Corne,65,Rue Jean Canal,09300,Lavelanet,France,fr,open,42.9296646,1.8454676,,,,,2005,payant:2342;gratuit:0;total:2342;label-date:01/02/2003,label:musee de france,,,,
0921101,1751723922,Musée d'Archéologie,,D 409,09300,Montségur,France,fr,open,42.8716796,1.8332911,,,,,2005,payant:24346;gratuit:0;total:24346;label-date:01/02/2003,label:musee de france,,,,
0926801,2833497965,Musée du Palais des Evêques,,Chemin du Parc,09190,Saint-Lizier,France,fr,open,43.0027248,1.1370459,,,,,2005,payant:6032;gratuit:1036;total:7068;label-date:01/02/2003,label:musee de france,,,,
1220204,228699419,Musée Soulages,,Carrefour de l'Agriculture,12000,Rodez,France,fr,closed,44.35221355,2.5677506427040724,,,,,2005,payant:0;gratuit:0;total:;label-date:2005-12-20 00:00:00,label:musee de france,,,,
1225401,1434993410,Musée du Rouergue des Arts et Métiers traditionnels,,C 2,12330,Salles-la-Source,France,fr,open,44.437582,2.5141463,,+33565672896,,,2005,payant:9151;gratuit:1282;total:10433;label-date:01/02/2003,label:musee de france,,,,
3216001,43270337,Musée Campanaire,,Place de l'Hôtel de Ville,32600,L'Isle-Jourdain,France,fr,open,43.6130002,1.082133198397282,,,,,2005,payant:12749;gratuit:1926;total:14675;label-date:01/02/2003,label:musee de france,,,,
3147201,3509638044,Musée Archéologique Départemental,,Rue du Musée,31510,Saint-Bertrand-de-Comminges,France,fr,closed,43.027071,0.569798,,,,,2005,payant:0;gratuit:0;total:;label-date:01/02/2003,label:musee de france,,,,
3155509,134123637,Muséum d'Histoire Naturelle,,Allée des Justes des Nations,31400,Toulouse,France,fr,closed,43.59334975,1.4495300359978467,,,,,2005,payant:0;gratuit:0;total:;label-date:06/01/2002,label:musee de france,,,,
4633001,2271992489,Musée d'Uxellodunum,,Impasse Lucterius,46110,Vayrac,France,fr,open,44.952451,1.703678,,,,,2005,payant:223;gratuit:53;total:276;label-date:01/02/2003,label:musee de france,,,,
8106501,1436215239,Musée Goya,1,Rue de l'Hôtel de Ville,81100,Castres,France,fr,open,43.6035253,2.2417743,,,,,2005,payant:9172;gratuit:13440;total:22612;label-date:06/01/2002,label:musee de france,,,,
8109901,1794967910,Musée des Beaux-Arts,,Boulevard Foucault,81600,Gaillac,France,fr,open,43.8949812,1.8980683,,,,,2005,payant:2745;gratuit:3869;total:6614;label-date:01/02/2003,label:musee de france,,,,
8111501,,Musée Départemental du Textile,,,,LA-BASTIDE-ROUAIROUX,France,fr,open,,,,,,,2005,payant:3222;gratuit:3978;total:7200;label-date:01/02/2003,label:musee de france,,,,
8200801,,Musée du Vieil Auvillar,,,,AUVILLAR,France,fr,open,,,,,,,2005,payant:1990;gratuit:394;total:2384;label-date:01/02/2003,label:musee de france,,,,
8207501,89104903,Musée Théodore Calbet,15,Rue Jean de Comère,82170,Grisolles,France,fr,open,43.827752000000004,1.2947097401960788,,,,,2005,payant:0;gratuit:3150;total:3150;label-date:01/02/2003,label:musee de france,,,,
8215501,6652846786,Musée de Préhistoire,,Place de la Halle,82140,Saint-Antonin-Noble-Val,France,fr,open,44.1518591,1.7565481,,,,,2005,payant:990;gratuit:0;total:990;label-date:01/02/2003,label:musee de france,,,,
5904301,81168271,Musée Benoît de Puydt,,Rue des Viviers,59270,Bailleul,France,fr,open,50.7407272,2.7345033127504697,,,,,2005,payant:4364;gratuit:0;total:4364;label-date:01/02/2003,label:musee de france,,,,
5912201,6098585497,Musée de Cambrai,15,Rue de l'Épée,59400,Cambrai,France,fr,open,50.1734096,3.2299021,http://www.villedecambrai.com/culture/le-musee-des-beaux-arts/,,,,2005,payant:4669;gratuit:12825;total:17494;label-date:01/02/2003,label:musee de france,,Q3228695,M0615,
5918303,76418840,Musée Portuaire,,Rue du Gouvernement,59140,Dunkerque,France,fr,open,51.03788695,2.371791835328942,,,,,2005,payant:27478;gratuit:20554;total:48032;label-date:01/02/2003,label:musee de france,,,,
5935004,7818582178,Musée de l'Hospice Comtesse,,Rue de la Monnaie,59021,Lille,France,fr,open,50.6411688,3.0632054,,,,,2005,payant:7199;gratuit:48537;total:55736;label-date:01/02/2003,label:musee de france,,,,
5935003,41065833,Musée d'Histoire Naturelle et de Géologie,19,Rue de Bruxelles,59000,Lille,France,fr,open,50.6266587,3.06701952992126,,,,,2005,payant:15384;gratuit:46235;total:61619;label-date:01/02/2003,label:musee de france,,,,
5952601,2060779461,Musée de la Tour Abbatiale,,Grand'Place,59230,Saint-Amand-les-Eaux,France,fr,open,50.4489646,3.4287208,https://www.saint-amand-les-eaux.fr/musee-de-la-tour-abbatiale,+33 3 27 22 24 55,,,2005,payant:6005;gratuit:0;total:6005;label-date:01/02/2003,label:musee de france,,,M0635,
6204102,4519451459,Musée des Beaux-Arts,,Cour d'Honneur,62000,Arras,France,fr,open,50.292028,2.7736831,,,,,2005,payant:11003;gratuit:18530;total:29533;label-date:06/01/2002,label:musee de france,,,,
6210801,132178089,Musée Berck-sur-Mer,,Rue de l'Impératrice,62600,Berck,France,fr,open,50.4049725,1.567720001351351,http://www.berck.fr/sortir/musée,,,,2005,payant:12019;gratuit:0;total:12019;label-date:05/04/2002,label:musee de france,,,,
6226801,244679581,Musée de la Céramique de Desvres,,Rue Jean Macé,62240,Desvres,France,fr,open,50.666714,1.842068159820283,https://www.musee-ceramique-desvres.com/,+33 3 21 83 23 23,,,2005,payant:8776;gratuit:4033;total:12809;label-date:01/02/2003,label:musee de france,,,M0645,
6258801,,Musée d'Art et d'Histoire Roger Rodière,,,,MONTREUIL-SUR-MER,France,fr,closed,,,,,,,2005,payant:0;gratuit:0;total:;label-date:01/02/2003,label:musee de france,,,,
6276502,7944467329,Musée Henri Dupuis,,Rue Henri Dupuis,62500,Saint-Omer,France,fr,closed,50.7484196,2.2511244,,,,,2005,payant:0;gratuit:0;total:;label-date:01/02/2003,label:musee de france,,,,
6276701,204398267,Musée Bruno Danvin,,Rue Oscar Ricque,62130,Saint-Pol-sur-Ternoise,France,fr,open,50.381508,2.337263799999996,,,,,2005,payant:0;gratuit:1833;total:1833;label-date:01/02/2003,label:musee de france;label:monuments-historiques;type:monument-historique,,Q22962052,M0652,PA00108425
1447801,5867247985,Musée Municipal,107,Rue Grande,14290,Orbec,France,fr,open,49.0222179,0.4065429,,,,,2005,payant:0;gratuit:2338;total:2338;label-date:01/02/2003,label:musee de france,,,,
1458201,329998597,Château de Saint-Germain de Livet,,D 268,14100,Saint-Germain-de-Livet,France,fr,open,49.0890928,0.2143756760222387,,,,,2005,payant:16457;gratuit:5325;total:21782;label-date:01/02/2003,label:musee de france,,,,
1469201,,Musée de la Bataille de Tilly-Sur-Seulles 1944,,,,TILLY-SUR-SEULLES,France,fr,open,,,,,,,2005,payant:407;gratuit:0;total:407;label-date:01/02/2003,label:musee de france,,,,
5012903,,Musée de la Guerre et de la Libération,,,,CHERBOURG-EN-COTENTIN,France,fr,open,,,,,,,2005,payant:4426;gratuit:4453;total:8879;label-date:01/02/2003,label:musee de france,,,,
5012901,1932681880,Muséum Emmanuel Liais,,Rue de l'Abbaye,50100,Cherbourg-en-Cotentin,France,fr,open,49.6429877,-1.6294662,,,,,2005,payant:0;gratuit:18393;total:18393;label-date:01/02/2003,label:musee de france,,,,
5050203,,"Musée du Bocage Normand, ferme du bois Jugan",,,,SAINT-LO,France,fr,open,,,,,,,2005,payant:2972;gratuit:2081;total:5053;label-date:01/02/2003,label:musee de france,,,,
6121401,2006338406,Aconit,12,Rue Joseph Rey,38000,Grenoble,France,fr,open,45.1861012,5.7170417,http://aconit.org,+33 4 76 48 43 60,,info@aconit.org,2005,payant:820;gratuit:0;total:820;label-date:01/02/2003,label:musee de france,,Q40002294,,
2705601,1848184518,Musée des beaux-arts de Bernay,,Place de la République,27300,Bernay,France,fr,open,49.0891535,0.5986718,https://www.bernay27.fr/pole-culture/le-musee/,,,,2005,payant:1753;gratuit:6652;total:8405;label-date:01/02/2003,label:musee de france,,Q1027402,,
2737501,1281576361,Musée,,Place Ernest Thorel,27400,Louviers,France,fr,open,49.214913,1.1684299,,,,,2005,payant:97;gratuit:3456;total:3553;label-date:01/02/2003,label:musee de france,,,,
7649701,69426369,Musée Pierre Corneille,502,Rue Pierre Corneille,76650,Petit-Couronne,France,fr,open,49.38956865,1.0212361735096276,https://museepierrecorneille.fr,+33 2 35 68 13 89,,,2005,payant:905;gratuit:2363;total:3268;label-date:01/02/2003,label:musee de france,,Q3329311,,
7638401,,"Juliobona, Musée Gallo-Romain de Lillebonne",,,,LILLEBONNE,France,fr,open,,,,,,,2005,payant:768;gratuit:1165;total:1933;label-date:01/02/2003,label:musee de france,,,,
7654004,64180958,Musée des Antiquités de la Seine-Maritime,198,Rue Beauvoisine,76000,Rouen,France,fr,open,49.4469796,1.0994713257847062,,,,,2005,payant:2101;gratuit:20260;total:22361;label-date:01/02/2003,label:musee de france,,,,
7654002,64717877,Centre de ressources du Munaé,6,Rue de Bihorel,76000,Rouen,France,fr,open,49.44841715,1.102956596817131,https://www.reseau-canope.fr,+33 2 32 08 71 00,,,2005,payant:12763;gratuit:0;total:12763;label-date:06/01/2002,label:musee de france,,,,
7654007,64180707,Muséum d'Histoire Naturelle,198,Rue Beauvoisine,76000,Rouen,France,fr,closed,49.44710085,1.0990036003098362,,,,,2005,payant:0;gratuit:0;total:;label-date:01/02/2003,label:musee de france,,,,
4410902,97962232,Maillé-Brézé,,Quai de la Fosse,44003,Nantes,France,fr,open,47.2067071,-1.5716565976582118,https://www.maillebreze.com/,,,,2005,payant:46110;gratuit:75037;total:121147;label-date:06/01/2002,label:musee de france;label:monuments-historiques;type:monument-historique,,Q2103611,,PM44000601
4410907,3473536003,Le Musée Dobrée,,Place Jean V,44003,Nantes,France,fr,open,47.2123071,-1.5658435,,,,,2005,payant:4710;gratuit:21500;total:26210;label-date:01/09/2002,label:musee de france,,,,
4416801,,Musées du Parc Naturel Régional de Brière,,,,SAINT-JOACHIM,France,fr,open,,,,,,,2005,payant:2840;gratuit:218;total:3058;label-date:01/02/2003,label:musee de france,,,,
4417501,,Musée du Chaume/Kerhinet - Pard Naturel Régional de Brière,,,,SAINT-LYPHARD,France,fr,open,,,,,,,2005,payant:2844;gratuit:61;total:2905;label-date:01/02/2003,label:musee de france,,,,
5312201,8292313,Musée Archéologique Départemental de Jublains,,Rue de la Libération,53160,Jublains,France,fr,open,48.2545411,-0.4975843742117564,,,,,2005,payant:10993;gratuit:22575;total:33568;label-date:18/07/2002,label:musee de france,,,,
5313001,3773677487,Musée du Vieux Château,,Rue du Val de Mayenne,53000,Laval,France,fr,open,48.068577,-0.7707286,,,,,2005,payant:4380;gratuit:12109;total:16489;label-date:01/02/2003,label:musee de france,,,,
8509201,107599748,Musée Vendéen,,Place du 137e Regiment d'Infanterie,85200,Fontenay-le-Comte,France,fr,open,46.467419,-0.8075718066037738,,,,,2005,payant:1515;gratuit:4032;total:5547;label-date:14/12/2002,label:musee de france,,,,
8510601,5401490904,Musée des Arts et Traditions,,Rue Nationale,85680,La Guérinière,France,fr,open,46.967207,-2.2325648,,,,,2005,payant:4579;gratuit:181;total:4760;label-date:01/02/2003,label:musee de france,,,,
8528401,,Musée Milcendeau Jean-Yole,,,,SOULLANS,France,fr,open,,,,,,,2005,payant:1439;gratuit:3430;total:4869;label-date:12/12/2002,label:musee de france,,,,
0236102,1418418104,Familistère de Guise,,Cité Familistère,02120,Guise,France,fr,open,49.9045566,3.6252747,,,,,2005,payant:22951;gratuit:0;total:22951;label-date:01/02/2003,label:musee de france,,,,
0230401,4200402074,Musée Jeanne d'Abboville,,Rue du Général de Gaulle,02800,La Fère,France,fr,open,49.6618629,3.3677694,,,,,2005,payant:307;gratuit:105;total:412;label-date:01/02/2003,label:musee de france,,,,
0268401,,Musée de la Vie Rurale et Forestière,,,,SAINT-MICHEL-EN-THIERACHE,France,fr,open,,,,,,,2005,payant:0;gratuit:0;total:;label-date:01/02/2003,label:musee de france,,,,
6017601,,Musée de l'Archerie et de l'Art Sacré,,,,CREPY-EN-VALOIS,France,fr,open,,,,,,,2005,payant:3810;gratuit:1832;total:5642;label-date:01/02/2003,label:musee de france,,,,
6047101,2403483347,Musée du Noyonnais,,Rue de l'Évéché,60400,Noyon,France,fr,open,49.5815691,3.0004427,,,,,2005,payant:2864;gratuit:0;total:2864;label-date:01/02/2003,label:musee de france,,,,
8002101,140247228,Musée de Picardie,,Rue Jules Lardière,80000,Amiens,France,fr,open,49.890586,2.2952183665769486,,,,,2005,payant:15287;gratuit:35180;total:50467;label-date:06/01/2002,label:musee de france,,,,
1601503,44840129,Musée de la Bande Dessinée,,Rue des Abras,16000,Saint-Cybard,France,fr,open,45.655498449999996,0.15078206891673795,http://www.citebd.org/,,,,2005,payant:0;gratuit:0;total:;label-date:01/02/2003,label:musee de france,,,,
1601502,44840732,Atelier - Musée du Papier,,Rue de Bordeaux,16000,Saint-Cybard,France,fr,open,45.65355635,0.1495325417727163,,,,,2005,payant:0;gratuit:14042;total:14042;label-date:01/02/2003,label:musee de france,,,,
1715301,81375628,Maison de la Baie du Marais Poitevin,,Rue de l'Église,17137,Esnandes,France,fr,open,46.2492163,-1.1099362669636277,,,,,2005,payant:3990;gratuit:114;total:4104;label-date:01/02/2003,label:musee de france,,Q3279675,,
1716801,92529363,Musée Régional de Fouras,,Place Vauban,17450,Fouras,France,fr,open,45.986003999999994,-1.0975170518659043,,,,,2005,payant:5380;gratuit:5000;total:10380;label-date:01/02/2003,label:musee de france,,,,
1700401,64991060,Musée Napoléon,,Rue des Remparts,17123,Île-d'Aix,France,fr,open,46.01301115,-1.1746563582783416,https://musees-nationaux-malmaison.fr/musees-napoleonien-africain/musee-et-collections/a-musee-napoleonien,+33546846640,,,2005,payant:20848;gratuit:20953;total:41801;label-date:06/01/2002,label:musee de france,,,,
1730004,,Musée d'Orbigny-Bernon,,,,LA ROCHELLE,France,fr,open,,,,,,,2005,payant:5580;gratuit:6561;total:12141;label-date:26/05/2002,label:musee de france,,,,
1741504,136636772,Musée Dupuy-Mestreau,,Rue Monconseil,17100,Saintes,France,fr,open,45.74313975,-0.6340019161865896,,,,,2005,payant:772;gratuit:2576;total:3348;label-date:01/02/2003,label:musee de france,,,,
1734701,89447700,Musée Municipal des Cordeliers,9,Rue Régnaud,17400,Saint-Jean-d'Angély,France,fr,open,45.94263465,-0.5242085085910493,,,,,2005,payant:0;gratuit:0;total:;label-date:01/02/2003,label:musee de france,,,,
1738501,1846520665,Musée de l'Ile d'Oléron,,Rue Aliénor d'Aquitaine,17310,Saint-Pierre-d'Oléron,France,fr,closed,45.9428107,-1.3066515,,,,,2005,payant:0;gratuit:0;total:;label-date:01/02/2003,label:musee de france,,,,
7919102,795257552,Musée d'Histoire Naturelle,26,Avenue de Limoges,79000,Niort,France,fr,closed,46.3210536,-0.454416,,,,,2005,payant:0;gratuit:0;total:;label-date:01/02/2003,label:musee de france,,,,
7919103,795257552,Musée Bernard d'Agesci,26,Avenue de Limoges,79000,Niort,France,fr,closed,46.3210536,-0.454416,https://www.niortagglo.fr/fr/sortir-visiter/patrimoine-et-musees/musee-bernard-dagesci/index.html,+33 5 49 78 72 00,,,2005,payant:0;gratuit:0;total:;label-date:01/02/2003,label:musee de france,,Q30218775,M7052,
8614001,4717431552,Musée de Préhistoire Raymond Touchard,,Route de Montmorillon,86320,Lussac-les-Châteaux,France,fr,closed,46.4036633,0.7257293,,,,,2005,payant:0;gratuit:0;total:;label-date:2005-12-20 00:00:00,label:musee de france,,,,
8616502,7280088591,Musée de Montmorillon,9,Avenue Pasteur,86500,Montmorillon,France,fr,closed,46.4288452,0.8725142,,,,,2005,payant:0;gratuit:0;total:;label-date:01/02/2003,label:musee de france,,,,
8619402,40140547,Musée Sainte-Croix,,Rue Paschal le Coq,86000,Poitiers,France,fr,open,46.57912245,0.34775441471496493,,,,,2005,payant:4529;gratuit:13730;total:18259;label-date:06/01/2002,label:musee de france,,,,
0415801,88754715,Musée de Préhistoire des Gorges du Verdon,,Route de Montmeyan,04500,Quinson,France,fr,open,43.699704749999995,6.037118344310343,http://www.museeprehistoire.com,+33 4 92 74 09 59,,contact@museeprehistoire.com,2005,payant:65787;gratuit:10002;total:75789;label-date:01/02/2003,label:musee de france,,Q3329743,,
0600401,68051130,Musée Picasso,,Place Mariejol,06600,Antibes,France,fr,open,43.58070895,7.128259617884984,,,,,2005,payant:128757;gratuit:41619;total:170376;label-date:01/02/2003,label:musee de france,,,,
0602702,63863191,Musée Renoir,,Chemin des Collettes,06800,Cagnes-sur-Mer,France,fr,open,43.667673699999995,7.156948252321393,,,,,2005,payant:11192;gratuit:3383;total:14575;label-date:01/02/2003,label:musee de france,,,,
0606903,67332908,Musée International de la Parfumerie,,Boulevard du Jeu de Ballon,06130,Grasse,France,fr,closed,43.65805315,6.92185503385852,,,,,2005,payant:0;gratuit:0;total:;label-date:01/02/2003,label:musee de france,,,,
0608806,1398474011,Muséum d'Histoire Naturelle,60,Boulevard Risso,06300,Nice,France,fr,open,43.7019475,7.2797089,,,,,2005,payant:0;gratuit:46562;total:46562;label-date:01/02/2003,label:musee de france,,,,
0608804,708311359,Musée d'Art Naïf Anatole Jakovsky,,Avenue du Rond-Point,06206,Nice,France,fr,open,43.685953749999996,7.232618735926904,,,,,2005,payant:3944;gratuit:17621;total:21565;label-date:01/02/2003,label:musee de france,,,,
0608803,,Musée des Beaux-Arts Jules Chéret,,,,NICE,France,fr,open,,,,,,,2005,payant:20373;gratuit:34808;total:55181;label-date:06/01/2002,label:musee de france,,,,
0608813,1949582,Musée d'Art Moderne et d'Art Contemporain,,Place Yves Klein,06300,Nice,France,fr,open,43.701442,7.27822756843373,,,,,2005,payant:53419;gratuit:52421;total:105840;label-date:01/02/2003,label:musee de france,,,,
1300105,88614075,Hôtel d'Estienne de Saint-Jean,,Rue des Bremondis,13626,Aix-en-Provence,France,fr,open,43.530754849999994,5.447239307551794,,+33 4 42 91 89 78,,,2005,payant:57144;gratuit:11206;total:68350;label-date:01/02/2003,label:musee de france;label:monuments-historiques;type:monument-historique,,Q3145725,M0898,PA00081031
1300403,1451755,Musée Réattu,12,Rue du Grand Prieuré,13200,Arles,France,fr,open,43.67927215,4.6275001822730655,,,,,2005,payant:15094;gratuit:15740;total:30834;label-date:01/02/2003,label:musee de france,,,,
1303801,,Musée Alphonse Daudet,,,,FONTVIEILLE,France,fr,open,,,,,,,2005,payant:34474;gratuit:0;total:34474;label-date:01/02/2003,label:musee de france,,,,
1301103,446697908,Musée des Santons,,Place Louis Jou,13520,Les Baux-de-Provence,France,fr,open,43.74474145,4.794991401666666,,,,,2005,payant:176309;gratuit:0;total:176309;label-date:01/02/2003,label:musee de france,,Q47486159,,
1305509,2365711963,"Musée des arts décoratifs, de la faïence et de la mode",,Avenue Clot Bey,13008,Marseille,France,fr,open,43.2572605,5.3820342,,+33 4 91 25 26 34,,,2005,payant:4552;gratuit:5045;total:9597;label-date:01/02/2003,label:musee de france,,Q16928705,M0914,
0500301,,Musée du Vieux Queyras,,,,AIGUILLES,France,fr,closed,,,,,,,2005,payant:0;gratuit:0;total:;label-date:01/02/2003,label:musee de france,,,,
8400702,309712990,Musée du Petit Palais,,Rue Ferruce,84000,Avignon,France,fr,open,43.9527473,4.8063438,,,,,2005,payant:21493;gratuit:8529;total:30022;label-date:01/02/2003,label:musee de france,,,,
8403503,5111377213,Musée Jouve,,Rue Hébraïque,84300,Cavaillon,France,fr,closed,43.8371707,5.0385983,,,,,2005,payant:0;gratuit:0;total:;label-date:01/02/2003,label:musee de france,,,,
0731301,3801510568,Musée des Mariniers du Rhône et de la Batellerie,,Rue du Musée,07340,Serrières,France,fr,open,45.3139177,4.76996,,,,,2005,payant:440;gratuit:0;total:440;label-date:01/02/2003,label:musee de france,,Q16335530,,
0732401,2793855499,Musée du Rhône,,,07270,Lamastre,France,fr,open,44.9980175,4.6108622,,,,,2005,payant:5635;gratuit:3436;total:9071;label-date:01/02/2003,label:musee de france,,,,
2628101,61078917,Musée International de la Chaussure,,Rue Saint-Just,26100,Romans-sur-Isère,France,fr,open,45.04446045,5.054248261970345,,,,,2005,payant:20702;gratuit:17336;total:38038;label-date:01/02/2003,label:musee de france,,,,
3818501,2323051603,Musée,,Quai Jongkind,38000,Grenoble,France,fr,closed,45.1953352,5.7315819,,,,,2005,payant:0;gratuit:0;total:;label-date:01/02/2003,label:musee de france,,,,
3818508,35081222,Musée de la Résistance de la Déportation de l'Isère,,Rue Hébert,38000,Grenoble,France,fr,open,45.19011945,5.735202775033237,,,,,2005,payant:0;gratuit:24637;total:24637;label-date:01/02/2003,label:musee de france,,,,
3818503,35095625,Muséum d'Histoire Naturelle de Grenoble,1,Rue Dolomieu,38000,Grenoble,France,fr,open,45.188011849999995,5.7352090917872225,,,,,2005,payant:13165;gratuit:66511;total:79676;label-date:06/01/2002,label:musee de france,,,,
3819001,1869973658,Musée-Maison du Patrimoine,,Montée de la Cure,38118,Hières-sur-Amby,France,fr,open,45.7970511,5.2932086,http://www.musee-larina-hieres.com/,+33 4 74 95 19 10,,,2005,payant:6871;gratuit:326;total:7197;label-date:01/02/2003,label:musee de france,,,M0999,
3844203,4323986447,Musée de la Grande Chartreuse,,D 103,38380,Saint-Pierre-de-Chartreuse,France,fr,open,45.3499104,5.7915302,,,,,2005,payant:56759;gratuit:0;total:56759;label-date:01/02/2003,label:musee de france,,,,
3854402,135880564,Musée Lapidaire Saint-Pierre,,Rue Delorme,38200,Vienne,France,fr,open,45.522842999999995,4.871060720000006,,,,,2005,payant:1762;gratuit:3373;total:5135;label-date:01/02/2003,label:musee de france,,,,
4205901,6050847032,Atelier - Musée du Chapeau,31,Rue Martouret,42140,Chazelles-sur-Lyon,France,fr,open,45.6386575,4.395141,,,,,2005,payant:14432;gratuit:2991;total:17423;label-date:01/02/2003,label:musee de france,,,,
4209101,,Musée d'Histoire du  20ème Siècle - Résistance et Déportation,,,,ESTIVAREILLES,France,fr,open,,,,,,,2005,payant:2489;gratuit:868;total:3357;label-date:01/02/2003,label:musee de france,,,,
4210601,,Musée Historial,,,,GREZOLLES,France,fr,closed,,,,,,,2005,payant:0;gratuit:0;total:;label-date:01/02/2003,label:musee de france,,,,
4214701,163997717,Musée d'Allard,,Avenue d'Allard,42600,Montbrison,France,fr,open,45.6082165,4.061633719569123,,,,,2005,payant:3901;gratuit:4231;total:8132;label-date:01/02/2003,label:musee de france,,,,
4218701,,Musée des Beaux-Arts et d'Archéologie J. Dechelette,,,,ROANNE,France,fr,open,,,,,,,2005,payant:16634;gratuit:0;total:16634;label-date:01/02/2003,label:musee de france,,,,
4223001,7419064519,Musée Municipal,,Place de la Madeleine,42260,Saint-Germain-Laval,France,fr,open,45.8301288,4.0106,,,,,2005,payant:0;gratuit:0;total:;label-date:01/02/2003,label:musee de france,,,,
4231801,,Musée Rural,,,,USSON-EN-FOREZ,France,fr,open,,,,,,,2005,payant:6842;gratuit:1337;total:8179;label-date:01/02/2003,label:musee de france,,,,
6938602,51263801,Muséum d'Histoire Naturelle,,Avenue de Lyon,73000,Chambéry,France,fr,open,45.564102399999996,5.916291852044658,,,,,2005,payant:41617;gratuit:39229;total:80846;label-date:01/02/2003,label:musee de france,,,,
6938102,2502213077,Musée des Beaux-Arts,,Rue du Président Édouard Herriot,69001,Lyon,France,fr,open,45.766606,4.834343,,,,,2005,payant:104006;gratuit:140269;total:244275;label-date:06/01/2002,label:musee de france,,,,
7306501,107343549,Musée des Beaux-Arts,,Passage Jules Daisay,73000,Chambéry,France,fr,open,45.56817235,5.919712942411912,,,,,2005,payant:19296;gratuit:1029;total:20325;label-date:06/01/2002,label:musee de france,,,,
7306504,51263801,Muséum d'histoire naturelle,,Avenue de Lyon,73000,Chambéry,France,fr,open,45.564102399999996,5.916291852044658,,,,,2005,payant:1509;gratuit:1656;total:3165;label-date:01/02/2003,label:musee de france,,,,
9750202,1840464642,Musée,,Rue Dominique Brorota,97500,Miquelon-Langlade,France,fr,open,47.100756,-56.3792429,,,,,2005,payant:1571;gratuit:133;total:1704;label-date:01/02/2003,label:musee de france,,,,
